fbref_team_id,fbref_name,transfermarkt_club_id,transfermarkt_name,decision,decided_by,decided_on,reason
8d6fd021,Alavés,1108,Deportivo Alavés,accepted,Tyler,2026-09-12,squad-overlap name match corroborated by squad overlap (98% of mapped players)
69236f98,Angers,1420,Angers SCO,accepted,Tyler,2026-09-12,fuzzy name match corroborated by squad overlap (96% of mapped players)
247c4b67,Arminia,10,Arminia Bielefeld,accepted,Tyler,2026-09-12,squad-overlap name match corroborated by squad overlap (100% of mapped players)
922493f3,Atalanta,800,Atalanta BC,accepted,Tyler,2026-09-12,fuzzy name match corroborated by squad overlap (90% of mapped players)
2b390eca,Athletic Club,621,Athletic Bilbao,accepted,Tyler,2026-09-12,fuzzy name match corroborated by squad overlap (98% of mapped players)
db3b9613,Atlético Madrid,13,Atlético de Madrid,accepted,Tyler,2026-09-12,fuzzy name match corroborated by squad overlap (91% of mapped players)
fc536746,Betis,150,Real Betis Balompié,accepted,Tyler,2026-09-12,fuzzy name match corroborated by squad overlap (96% of mapped players)
123f3efe,Bordeaux,40,FC Girondins Bordeaux,accepted,Tyler,2026-09-12,fuzzy name match corroborated by squad overlap (94% of mapped players)
fb08dbb3,Brest,3911,Stade Brestois 29,accepted,Tyler,2026-09-12,squad-overlap name match corroborated by squad overlap (95% of mapped players)
d07537b9,Brighton,1237,Brighton & Hove Albion,accepted,Tyler,2026-09-12,squad-overlap name match corroborated by squad overlap (97% of mapped players)
f25da7fb,Celta Vigo,940,Celta de Vigo,accepted,Tyler,2026-09-12,fuzzy name match corroborated by squad overlap (96% of mapped players)
cc919b35,Chievo,862,Chievo Verona,accepted,Tyler,2026-09-12,fuzzy name match corroborated by squad overlap (100% of mapped players)
8dfb7350,Dijon,2969,Dijon FCO,accepted,Tyler,2026-09-12,fuzzy name match corroborated by squad overlap (97% of mapped players)
add600ae,Dortmund,16,Borussia Dortmund,accepted,Tyler,2026-09-12,fuzzy name match corroborated by squad overlap (95% of mapped players)
b1278397,Düsseldorf,38,Fortuna Düsseldorf,accepted,Tyler,2026-09-12,fuzzy name match corroborated by squad overlap (98% of mapped players)
f0ac8ee6,Eint Frankfurt,24,Eintracht Frankfurt,accepted,Tyler,2026-09-12,fuzzy name match corroborated by squad overlap (94% of mapped players)
a8661628,Espanyol,714,RCD Espanyol Barcelona,accepted,Tyler,2026-09-12,fuzzy name match corroborated by squad overlap (96% of mapped players)
421387cf,Fiorentina,430,ACF Fiorentina,accepted,Tyler,2026-09-12,fuzzy name match corroborated by squad overlap (87% of mapped players)
d41b5f53,Guingamp,855,EA Guingamp,accepted,Tyler,2026-09-12,fuzzy name match corroborated by squad overlap (98% of mapped players)
f5922ca5,Huddersfield,1110,Huddersfield Town,accepted,Tyler,2026-09-12,fuzzy name match corroborated by squad overlap (100% of mapped players)
d609edc0,Inter,46,Inter Milan,accepted,Tyler,2026-09-12,fuzzy name match corroborated by squad overlap (94% of mapped players)
2a60ed82,La Coruña,897,Deportivo de La Coruña,accepted,Tyler,2026-09-12,squad-overlap name match corroborated by squad overlap (97% of mapped players)
7213da33,Lazio,398,Società Sportiva Lazio S.p.A.,accepted,Tyler,2026-09-12,squad-overlap name match corroborated by squad overlap (95% of mapped players)
c7a9f859,Leverkusen,15,Bayer 04 Leverkusen,accepted,Tyler,2026-09-12,fuzzy name match corroborated by squad overlap (96% of mapped players)
cb188c0c,Lille,1082,LOSC Lille,accepted,Tyler,2026-09-12,fuzzy name match corroborated by squad overlap (94% of mapped players)
d53c0b06,Lyon,1041,Olympique Lyon,accepted,Tyler,2026-09-12,squad-overlap name match corroborated by squad overlap (89% of mapped players)
32f3ee20,M'Gladbach | Gladbach,18,Borussia Mönchengladbach,accepted,Tyler,2026-09-12,fuzzy name match corroborated by squad overlap (98% of mapped players)
5725cc7b,Marseille,244,Olympique Marseille,accepted,Tyler,2026-09-12,fuzzy name match corroborated by squad overlap (92% of mapped players)
281b0e73,Montpellier,969,Montpellier HSC,accepted,Tyler,2026-09-12,fuzzy name match corroborated by squad overlap (97% of mapped players)
132ebc33,Nice,417,OGC Nice,accepted,Tyler,2026-09-12,fuzzy name match corroborated by squad overlap (92% of mapped players)
1cbf5f9e,Nîmes,1160,Nîmes Olympique,accepted,Tyler,2026-09-12,squad-overlap name match corroborated by squad overlap (98% of mapped players)
6f2c108c,Nürnberg,4,1.FC Nuremberg,accepted,Tyler,2026-09-12,fuzzy name match corroborated by squad overlap (100% of mapped players)
7fdd64e0,Reims,1421,Stade Reims,accepted,Tyler,2026-09-12,fuzzy name match corroborated by squad overlap (98% of mapped players)
8ff9e3b3,Sampdoria,1038,UC Sampdoria,accepted,Tyler,2026-09-12,fuzzy name match corroborated by squad overlap (91% of mapped players)
c0d3eab4,Strasbourg,667,RC Strasbourg Alsace,accepted,Tyler,2026-09-12,fuzzy name match corroborated by squad overlap (97% of mapped players)
361ca564,Tottenham,148,Tottenham Hotspur,accepted,Tyler,2026-09-12,fuzzy name match corroborated by squad overlap (92% of mapped players)
54195385,Troyes,1095,ESTAC Troyes,accepted,Tyler,2026-09-12,fuzzy name match corroborated by squad overlap (99% of mapped players)
17859612,Valladolid,366,Real Valladolid CF,accepted,Tyler,2026-09-12,fuzzy name match corroborated by squad overlap (97% of mapped players)
60c6b05f,West Brom,984,West Bromwich Albion,accepted,Tyler,2026-09-12,fuzzy name match corroborated by squad overlap (98% of mapped players)
7c21e445,West Ham,379,West Ham United,accepted,Tyler,2026-09-12,fuzzy name match corroborated by squad overlap (94% of mapped players)
8cec06e1,Wolves,543,Wolverhampton Wanderers,accepted,Tyler,2026-09-12,squad-overlap name match corroborated by squad overlap (95% of mapped players)
18d9d2a7,Heidenheim,2036,1. Fußballclub Heidenheim 1846,resolved,Tyler,2026-09-12,"names and squads disagreed; chose the squad answer: weak name score, strong squad evidence, and the name-matcher's pick was exactly the club left unused"
b3072e00,Rennes,273,Stade Rennais FC,resolved,Tyler,2026-09-12,"names and squads disagreed; chose the squad answer: weak name score, strong squad evidence, and the name-matcher's pick was exactly the club left unused"
cf74a709,Roma,12,Associazione Sportiva Roma,resolved,Tyler,2026-09-12,"names and squads disagreed; chose the squad answer: weak name score, strong squad evidence, and the name-matcher's pick was exactly the club left unused"
