fbref_team_id,club,country,league,league_titles,domestic_cups,european_trophies,total_trophies
b8fd03ef,Manchester City,England,Premier League,6,6,1,13
e2d8892c,Paris Saint-Germain,France,Ligue 1,6,6,0,12
054efa67,Bayern Munich,Germany,Bundesliga,6,2,1,9
53a2f082,Real Madrid,Spain,La Liga,3,1,3,7
e0652b02,Juventus FC,Italy,Serie A,3,3,0,6
206d90db,FC Barcelona,Spain,La Liga,3,2,0,5
822bd0ba,Liverpool FC,England,Premier League,1,3,1,5
d609edc0,Inter Milan,Italy,Serie A,2,2,0,4
cff3d9bb,Chelsea FC,England,Premier League,0,1,2,3
db3b9613,Atlético de Madrid,Spain,La Liga,1,0,1,2
c7a9f859,Bayer 04 Leverkusen,Germany,Bundesliga,1,1,0,2
f0ac8ee6,Eintracht Frankfurt,Germany,Bundesliga,0,1,1,2
19538871,Manchester United,England,Premier League,0,2,0,2
acbb6a5b,RB Leipzig,Germany,Bundesliga,0,2,0,2
d48ad4ff,SSC Napoli,Italy,Serie A,1,1,0,2
ad2be733,Sevilla FC,Spain,La Liga,0,0,2,2
dc56fe14,AC Milan,Italy,Serie A,1,0,0,1
18bb7c10,Arsenal FC,England,Premier League,0,1,0,1
cf74a709,Associazione Sportiva Roma,Italy,Serie A,0,0,1,1
922493f3,Atalanta BC,Italy,Serie A,0,0,1,1
2b390eca,Athletic Bilbao,Spain,La Liga,0,1,0,1
add600ae,Borussia Dortmund,Germany,Bundesliga,0,1,0,1
d7a486cd,FC Nantes,France,Ligue 1,0,1,0,1
3f8c4b5f,FC Toulouse,France,Ligue 1,0,1,0,1
cb188c0c,LOSC Lille,France,Ligue 1,1,0,0,1
a2d435b3,Leicester City,England,Premier League,0,1,0,1
c0d3eab4,RC Strasbourg Alsace,France,Ligue 1,0,1,0,1
fc536746,Real Betis Balompié,Spain,La Liga,0,1,0,1
e31d1cd9,Real Sociedad,Spain,La Liga,0,1,0,1
7213da33,Società Sportiva Lazio S.p.A.,Italy,Serie A,0,1,0,1
b3072e00,Stade Rennais FC,France,Ligue 1,0,1,0,1
dcc91a7b,Valencia CF,Spain,La Liga,0,1,0,1
2a8183b3,Villarreal CF,Spain,La Liga,0,0,1,1
7c21e445,West Ham United,England,Premier League,0,0,1,1
18d9d2a7,1. Fußballclub Heidenheim 1846,Germany,Bundesliga,0,0,0,0
bc357bf7,1.FC Köln,Germany,Bundesliga,0,0,0,0
6f2c108c,1.FC Nuremberg,Germany,Bundesliga,0,0,0,0
7a41008f,1.FC Union Berlin,Germany,Bundesliga,0,0,0,0
a224b06a,1.FSV Mainz 05,Germany,Bundesliga,0,0,0,0
7a54bb4f,AC Ajaccio,France,Ligue 1,0,0,0,0
21680aa4,AC Monza,Italy,Serie A,0,0,0,0
421387cf,ACF Fiorentina,Italy,Serie A,0,0,0,0
4ba7cbea,AFC Bournemouth,England,Premier League,0,0,0,0
5ae09109,AJ Auxerre,France,Ligue 1,0,0,0,0
fd6114db,AS Monaco,Monaco,Ligue 1,0,0,0,0
d298ef2c,AS Saint-Étienne,France,Ligue 1,0,0,0,0
25622401,Amiens SC,France,Ligue 1,0,0,0,0
69236f98,Angers SCO,France,Ligue 1,0,0,0,0
247c4b67,Arminia Bielefeld,Germany,Bundesliga,0,0,0,0
8602292d,Aston Villa,England,Premier League,0,0,0,0
4fcb34fd,Benevento Calcio,Italy,Serie A,0,0,0,0
1d8099f8,Bologna Football Club 1909,Italy,Serie A,0,0,0,0
32f3ee20,Borussia Mönchengladbach,Germany,Bundesliga,0,0,0,0
cd051869,Brentford FC,England,Premier League,0,0,0,0
4ef57aeb,Brescia Calcio,Italy,Serie A,0,0,0,0
d07537b9,Brighton & Hove Albion,England,Premier League,0,0,0,0
943e8050,Burnley FC,England,Premier League,0,0,0,0
03c57e2b,CA Osasuna,Spain,La Liga,0,0,0,0
7c6f2c78,CD Leganés,Spain,La Liga,0,0,0,0
c4260e09,Cagliari Calcio,Italy,Serie A,0,0,0,0
75fae011,Cardiff City,Wales,Premier League,0,0,0,0
f25da7fb,Celta de Vigo,Spain,La Liga,0,0,0,0
cc919b35,Chievo Verona,Italy,Serie A,0,0,0,0
d9676424,Clermont Foot 63,France,Ligue 1,0,0,0,0
47c64c55,Crystal Palace,England,Premier League,0,0,0,0
ee7c297c,Cádiz CF,Spain,La Liga,0,0,0,0
8d6fd021,Deportivo Alavés,Spain,La Liga,0,0,0,0
2a60ed82,Deportivo de La Coruña,Spain,La Liga,0,0,0,0
8dfb7350,Dijon FCO,France,Ligue 1,0,0,0,0
d41b5f53,EA Guingamp,France,Ligue 1,0,0,0,0
54195385,ESTAC Troyes,France,Ligue 1,0,0,0,0
6c8b07df,Elche CF,Spain,La Liga,0,0,0,0
d3fd31cc,Everton FC,England,Premier League,0,0,0,0
0cdc4311,FC Augsburg,Germany,Bundesliga,0,0,0,0
3074d7b1,FC Crotone,Italy,Serie A,0,0,0,0
a3d88bd8,FC Empoli,Italy,Serie A,0,0,0,0
123f3efe,FC Girondins Bordeaux,France,Ligue 1,0,0,0,0
d2c87802,FC Lorient,France,Ligue 1,0,0,0,0
f83960ae,FC Metz,France,Ligue 1,0,0,0,0
c539e393,FC Schalke 04,Germany,Bundesliga,0,0,0,0
b1278397,Fortuna Düsseldorf,Germany,Bundesliga,0,0,0,0
6a7ad59d,Frosinone Calcio,Italy,Serie A,0,0,0,0
fd962109,Fulham FC,England,Premier League,0,0,0,0
658bf2de,Genoa CFC,Italy,Serie A,0,0,0,0
7848bd64,Getafe CF,Spain,La Liga,0,0,0,0
9024a00a,Girona FC,Spain,La Liga,0,0,0,0
a0435291,Granada CF,Spain,La Liga,0,0,0,0
26790c6a,Hamburger SV,Germany,Bundesliga,0,0,0,0
60b5e41f,Hannover 96,Germany,Bundesliga,0,0,0,0
0e72edf2,Hellas Verona,Italy,Serie A,0,0,0,0
2818f8bc,Hertha BSC,Germany,Bundesliga,0,0,0,0
f5922ca5,Huddersfield Town,England,Premier League,0,0,0,0
5c2737db,Le Havre AC,France,Ligue 1,0,0,0,0
5bfb9659,Leeds United,England,Premier League,0,0,0,0
9800b6a1,Levante UD,Spain,La Liga,0,0,0,0
e297cd13,Luton Town,England,Premier League,0,0,0,0
281b0e73,Montpellier HSC,France,Ligue 1,0,0,0,0
1c896955,Málaga CF,Spain,La Liga,0,0,0,0
b2b47a98,Newcastle United,England,Premier League,0,0,0,0
1c781004,Norwich City,England,Premier League,0,0,0,0
e4a775cb,Nottingham Forest,England,Premier League,0,0,0,0
1cbf5f9e,Nîmes Olympique,France,Ligue 1,0,0,0,0
132ebc33,OGC Nice,France,Ligue 1,0,0,0,0
d53c0b06,Olympique Lyon,France,Ligue 1,0,0,0,0
5725cc7b,Olympique Marseille,France,Ligue 1,0,0,0,0
eab4234c,Parma Calcio 1913,Italy,Serie A,0,0,0,0
fd4e0f7d,RC Lens,France,Ligue 1,0,0,0,0
a8661628,RCD Espanyol Barcelona,Spain,La Liga,0,0,0,0
2aa12281,RCD Mallorca,Spain,La Liga,0,0,0,0
98e8af82,Rayo Vallecano,Spain,La Liga,0,0,0,0
17859612,Real Valladolid CF,Spain,La Liga,0,0,0,0
a486e511,SC Freiburg,Germany,Bundesliga,0,0,0,0
d9f93f02,SC Paderborn 07,Germany,Bundesliga,0,0,0,0
bea5c710,SD Eibar,Spain,La Liga,0,0,0,0
c6c493e6,SD Huesca,Spain,La Liga,0,0,0,0
74229020,SM Caen,France,Ligue 1,0,0,0,0
1d2fe027,SPAL,Italy,Serie A,0,0,0,0
6a6967fc,SV Darmstadt 98,Germany,Bundesliga,0,0,0,0
62add3bf,SV Werder Bremen,Germany,Bundesliga,0,0,0,0
1df6b87e,Sheffield United,England,Premier League,0,0,0,0
33c895d4,Southampton FC,England,Premier League,0,0,0,0
12192a4c,SpVgg Greuther Fürth,Germany,Bundesliga,0,0,0,0
68449f6d,Spezia Calcio,Italy,Serie A,0,0,0,0
fb08dbb3,Stade Brestois 29,France,Ligue 1,0,0,0,0
7fdd64e0,Stade Reims,France,Ligue 1,0,0,0,0
17892952,Stoke City,England,Premier League,0,0,0,0
fb10988f,Swansea City,Wales,Premier League,0,0,0,0
033ea6b8,TSG 1899 Hoffenheim,Germany,Bundesliga,0,0,0,0
105360fe,Torino FC,Italy,Serie A,0,0,0,0
361ca564,Tottenham Hotspur,England,Premier League,0,0,0,0
8ff9e3b3,UC Sampdoria,Italy,Serie A,0,0,0,0
78ecf4bb,UD Almería,Spain,La Liga,0,0,0,0
0049d422,UD Las Palmas,Spain,La Liga,0,0,0,0
9aad3a77,US Cremonese,Italy,Serie A,0,0,0,0
ffcbe334,US Lecce,Italy,Serie A,0,0,0,0
c5577084,US Salernitana 1919,Italy,Serie A,0,0,0,0
e2befd26,US Sassuolo,Italy,Serie A,0,0,0,0
04eea015,Udinese Calcio,Italy,Serie A,0,0,0,0
af5d5982,Venezia FC,Italy,Serie A,0,0,0,0
598bc722,VfB Stuttgart,Germany,Bundesliga,0,0,0,0
b42c6323,VfL Bochum,Germany,Bundesliga,0,0,0,0
4eaa11d7,VfL Wolfsburg,Germany,Bundesliga,0,0,0,0
2abfe087,Watford FC,England,Premier League,0,0,0,0
60c6b05f,West Bromwich Albion,England,Premier League,0,0,0,0
8cec06e1,Wolverhampton Wanderers,England,Premier League,0,0,0,0
