fbref_team_id,club,country,known_deduction,league,season,matches,wins,draws,losses,goals_for,goals_against,goal_difference,points_from_results,position_computed,position_transfermarkt,position_matches,notes
b8fd03ef,Manchester City,England,no,Premier League,2017/18,38,32,4,2,106,27,79,100,1,1,yes,
19538871,Manchester United,England,no,Premier League,2017/18,38,25,6,7,68,28,40,81,2,2,yes,
361ca564,Tottenham Hotspur,England,no,Premier League,2017/18,38,23,8,7,74,36,38,77,3,3,yes,
822bd0ba,Liverpool FC,England,no,Premier League,2017/18,38,21,12,5,84,38,46,75,4,4,yes,
cff3d9bb,Chelsea FC,England,no,Premier League,2017/18,38,21,7,10,62,38,24,70,5,5,yes,
18bb7c10,Arsenal FC,England,no,Premier League,2017/18,38,19,6,13,74,51,23,63,6,6,yes,
943e8050,Burnley FC,England,no,Premier League,2017/18,38,14,12,12,36,39,-3,54,7,7,yes,
d3fd31cc,Everton FC,England,no,Premier League,2017/18,38,13,10,15,44,58,-14,49,8,8,yes,
a2d435b3,Leicester City,England,no,Premier League,2017/18,38,12,11,15,56,60,-4,47,9,9,yes,
b2b47a98,Newcastle United,England,no,Premier League,2017/18,38,12,8,18,39,47,-8,44,10,10,yes,
47c64c55,Crystal Palace,England,no,Premier League,2017/18,38,11,11,16,45,55,-10,44,11,11,yes,
4ba7cbea,AFC Bournemouth,England,no,Premier League,2017/18,38,11,11,16,45,61,-16,44,12,12,yes,
7c21e445,West Ham United,England,no,Premier League,2017/18,38,10,12,16,48,68,-20,42,13,13,yes,
2abfe087,Watford FC,England,no,Premier League,2017/18,38,11,8,19,44,64,-20,41,14,14,yes,
d07537b9,Brighton & Hove Albion,England,no,Premier League,2017/18,38,9,13,16,34,54,-20,40,15,15,yes,
f5922ca5,Huddersfield Town,England,no,Premier League,2017/18,38,9,10,19,28,58,-30,37,16,16,yes,
33c895d4,Southampton FC,England,no,Premier League,2017/18,38,7,15,16,37,56,-19,36,17,17,yes,
fb10988f,Swansea City,Wales,no,Premier League,2017/18,38,8,9,21,28,56,-28,33,18,18,yes,
17892952,Stoke City,England,no,Premier League,2017/18,38,7,12,19,35,68,-33,33,19,19,yes,
60c6b05f,West Bromwich Albion,England,no,Premier League,2017/18,38,6,13,19,31,56,-25,31,20,20,yes,
b8fd03ef,Manchester City,England,no,Premier League,2018/19,38,32,2,4,95,23,72,98,1,1,yes,
822bd0ba,Liverpool FC,England,no,Premier League,2018/19,38,30,7,1,89,22,67,97,2,2,yes,
cff3d9bb,Chelsea FC,England,no,Premier League,2018/19,38,21,9,8,63,39,24,72,3,3,yes,
361ca564,Tottenham Hotspur,England,no,Premier League,2018/19,38,23,2,13,67,39,28,71,4,4,yes,
18bb7c10,Arsenal FC,England,no,Premier League,2018/19,38,21,7,10,73,51,22,70,5,5,yes,
19538871,Manchester United,England,no,Premier League,2018/19,38,19,9,10,65,54,11,66,6,6,yes,
8cec06e1,Wolverhampton Wanderers,England,no,Premier League,2018/19,38,16,9,13,47,46,1,57,7,7,yes,
d3fd31cc,Everton FC,England,no,Premier League,2018/19,38,15,9,14,54,46,8,54,8,8,yes,
a2d435b3,Leicester City,England,no,Premier League,2018/19,38,15,7,16,51,48,3,52,9,9,yes,
7c21e445,West Ham United,England,no,Premier League,2018/19,38,15,7,16,52,55,-3,52,10,10,yes,
2abfe087,Watford FC,England,no,Premier League,2018/19,38,14,8,16,52,59,-7,50,11,11,yes,
47c64c55,Crystal Palace,England,no,Premier League,2018/19,38,14,7,17,51,53,-2,49,12,12,yes,
b2b47a98,Newcastle United,England,no,Premier League,2018/19,38,12,9,17,42,48,-6,45,13,13,yes,
4ba7cbea,AFC Bournemouth,England,no,Premier League,2018/19,38,13,6,19,56,70,-14,45,14,14,yes,
943e8050,Burnley FC,England,no,Premier League,2018/19,38,11,7,20,45,68,-23,40,15,15,yes,
33c895d4,Southampton FC,England,no,Premier League,2018/19,38,9,12,17,45,65,-20,39,16,16,yes,
d07537b9,Brighton & Hove Albion,England,no,Premier League,2018/19,38,9,9,20,35,60,-25,36,17,17,yes,
75fae011,Cardiff City,Wales,no,Premier League,2018/19,38,10,4,24,34,69,-35,34,18,18,yes,
fd962109,Fulham FC,England,no,Premier League,2018/19,38,7,5,26,34,81,-47,26,19,19,yes,
f5922ca5,Huddersfield Town,England,no,Premier League,2018/19,38,3,7,28,22,76,-54,16,20,20,yes,
822bd0ba,Liverpool FC,England,no,Premier League,2019/20,38,32,3,3,85,33,52,99,1,1,yes,
b8fd03ef,Manchester City,England,no,Premier League,2019/20,38,26,3,9,102,35,67,81,2,2,yes,
19538871,Manchester United,England,no,Premier League,2019/20,38,18,12,8,66,36,30,66,3,3,yes,
cff3d9bb,Chelsea FC,England,no,Premier League,2019/20,38,20,6,12,69,54,15,66,4,4,yes,
a2d435b3,Leicester City,England,no,Premier League,2019/20,38,18,8,12,67,41,26,62,5,5,yes,
361ca564,Tottenham Hotspur,England,no,Premier League,2019/20,38,16,11,11,61,47,14,59,6,6,yes,
8cec06e1,Wolverhampton Wanderers,England,no,Premier League,2019/20,38,15,14,9,51,40,11,59,7,7,yes,
18bb7c10,Arsenal FC,England,no,Premier League,2019/20,38,14,14,10,56,48,8,56,8,8,yes,
1df6b87e,Sheffield United,England,no,Premier League,2019/20,38,14,12,12,39,39,0,54,9,9,yes,
943e8050,Burnley FC,England,no,Premier League,2019/20,38,15,9,14,43,50,-7,54,10,10,yes,
33c895d4,Southampton FC,England,no,Premier League,2019/20,38,15,7,16,51,60,-9,52,11,11,yes,
d3fd31cc,Everton FC,England,no,Premier League,2019/20,38,13,10,15,44,56,-12,49,12,12,yes,
b2b47a98,Newcastle United,England,no,Premier League,2019/20,38,11,11,16,38,58,-20,44,13,13,yes,
47c64c55,Crystal Palace,England,no,Premier League,2019/20,38,11,10,17,31,50,-19,43,14,14,yes,
d07537b9,Brighton & Hove Albion,England,no,Premier League,2019/20,38,9,14,15,39,54,-15,41,15,15,yes,
7c21e445,West Ham United,England,no,Premier League,2019/20,38,10,9,19,49,62,-13,39,16,16,yes,
8602292d,Aston Villa,England,no,Premier League,2019/20,38,9,8,21,41,67,-26,35,17,17,yes,
4ba7cbea,AFC Bournemouth,England,no,Premier League,2019/20,38,9,7,22,40,65,-25,34,18,18,yes,
2abfe087,Watford FC,England,no,Premier League,2019/20,38,8,10,20,36,64,-28,34,19,19,yes,
1c781004,Norwich City,England,no,Premier League,2019/20,38,5,6,27,26,75,-49,21,20,20,yes,
b8fd03ef,Manchester City,England,no,Premier League,2020/21,38,27,5,6,83,32,51,86,1,1,yes,
19538871,Manchester United,England,no,Premier League,2020/21,38,21,11,6,73,44,29,74,2,2,yes,
822bd0ba,Liverpool FC,England,no,Premier League,2020/21,38,20,9,9,68,42,26,69,3,3,yes,
cff3d9bb,Chelsea FC,England,no,Premier League,2020/21,38,19,10,9,58,36,22,67,4,4,yes,
a2d435b3,Leicester City,England,no,Premier League,2020/21,38,20,6,12,68,50,18,66,5,5,yes,
7c21e445,West Ham United,England,no,Premier League,2020/21,38,19,8,11,62,47,15,65,6,6,yes,
361ca564,Tottenham Hotspur,England,no,Premier League,2020/21,38,18,8,12,68,45,23,62,7,7,yes,
18bb7c10,Arsenal FC,England,no,Premier League,2020/21,38,18,7,13,55,39,16,61,8,8,yes,
5bfb9659,Leeds United,England,no,Premier League,2020/21,38,18,5,15,62,54,8,59,9,9,yes,
d3fd31cc,Everton FC,England,no,Premier League,2020/21,38,17,8,13,47,48,-1,59,10,10,yes,
8602292d,Aston Villa,England,no,Premier League,2020/21,38,16,7,15,55,46,9,55,11,11,yes,
b2b47a98,Newcastle United,England,no,Premier League,2020/21,38,12,9,17,46,62,-16,45,12,12,yes,
8cec06e1,Wolverhampton Wanderers,England,no,Premier League,2020/21,38,12,9,17,36,52,-16,45,13,13,yes,
47c64c55,Crystal Palace,England,no,Premier League,2020/21,38,12,8,18,41,66,-25,44,14,14,yes,
33c895d4,Southampton FC,England,no,Premier League,2020/21,38,12,7,19,47,68,-21,43,15,15,yes,
d07537b9,Brighton & Hove Albion,England,no,Premier League,2020/21,38,9,14,15,40,46,-6,41,16,16,yes,
943e8050,Burnley FC,England,no,Premier League,2020/21,38,10,9,19,33,55,-22,39,17,17,yes,
fd962109,Fulham FC,England,no,Premier League,2020/21,38,5,13,20,27,53,-26,28,18,18,yes,
60c6b05f,West Bromwich Albion,England,no,Premier League,2020/21,38,5,11,22,35,76,-41,26,19,19,yes,
1df6b87e,Sheffield United,England,no,Premier League,2020/21,38,7,2,29,20,63,-43,23,20,20,yes,
b8fd03ef,Manchester City,England,no,Premier League,2021/22,38,29,6,3,99,26,73,93,1,1,yes,
822bd0ba,Liverpool FC,England,no,Premier League,2021/22,38,28,8,2,94,26,68,92,2,2,yes,
cff3d9bb,Chelsea FC,England,no,Premier League,2021/22,38,21,11,6,76,33,43,74,3,3,yes,
361ca564,Tottenham Hotspur,England,no,Premier League,2021/22,38,22,5,11,69,40,29,71,4,4,yes,
18bb7c10,Arsenal FC,England,no,Premier League,2021/22,38,22,3,13,61,48,13,69,5,5,yes,
19538871,Manchester United,England,no,Premier League,2021/22,38,16,10,12,57,57,0,58,6,6,yes,
7c21e445,West Ham United,England,no,Premier League,2021/22,38,16,8,14,60,51,9,56,7,7,yes,
a2d435b3,Leicester City,England,no,Premier League,2021/22,38,14,10,14,62,59,3,52,8,8,yes,
d07537b9,Brighton & Hove Albion,England,no,Premier League,2021/22,38,12,15,11,42,44,-2,51,9,9,yes,
8cec06e1,Wolverhampton Wanderers,England,no,Premier League,2021/22,38,15,6,17,38,43,-5,51,10,10,yes,
b2b47a98,Newcastle United,England,no,Premier League,2021/22,38,13,10,15,44,62,-18,49,11,11,yes,
47c64c55,Crystal Palace,England,no,Premier League,2021/22,38,11,15,12,50,46,4,48,12,12,yes,
cd051869,Brentford FC,England,no,Premier League,2021/22,38,13,7,18,48,56,-8,46,13,13,yes,
8602292d,Aston Villa,England,no,Premier League,2021/22,38,13,6,19,52,54,-2,45,14,14,yes,
33c895d4,Southampton FC,England,no,Premier League,2021/22,38,9,13,16,43,67,-24,40,15,15,yes,
d3fd31cc,Everton FC,England,no,Premier League,2021/22,38,11,6,21,43,66,-23,39,16,16,yes,
5bfb9659,Leeds United,England,no,Premier League,2021/22,38,9,11,18,42,79,-37,38,17,17,yes,
943e8050,Burnley FC,England,no,Premier League,2021/22,38,7,14,17,34,53,-19,35,18,18,yes,
2abfe087,Watford FC,England,no,Premier League,2021/22,38,6,5,27,34,77,-43,23,19,19,yes,
1c781004,Norwich City,England,no,Premier League,2021/22,38,5,7,26,23,84,-61,22,20,20,yes,
b8fd03ef,Manchester City,England,no,Premier League,2022/23,38,28,5,5,94,33,61,89,1,1,yes,
18bb7c10,Arsenal FC,England,no,Premier League,2022/23,38,26,6,6,88,43,45,84,2,2,yes,
19538871,Manchester United,England,no,Premier League,2022/23,38,23,6,9,58,43,15,75,3,3,yes,
b2b47a98,Newcastle United,England,no,Premier League,2022/23,38,19,14,5,68,33,35,71,4,4,yes,
822bd0ba,Liverpool FC,England,no,Premier League,2022/23,38,19,10,9,75,47,28,67,5,5,yes,
d07537b9,Brighton & Hove Albion,England,no,Premier League,2022/23,38,18,8,12,72,53,19,62,6,6,yes,
8602292d,Aston Villa,England,no,Premier League,2022/23,38,18,7,13,51,46,5,61,7,7,yes,
361ca564,Tottenham Hotspur,England,no,Premier League,2022/23,38,18,6,14,70,63,7,60,8,8,yes,
cd051869,Brentford FC,England,no,Premier League,2022/23,38,15,14,9,58,46,12,59,9,9,yes,
fd962109,Fulham FC,England,no,Premier League,2022/23,38,15,7,16,55,53,2,52,10,10,yes,
47c64c55,Crystal Palace,England,no,Premier League,2022/23,38,11,12,15,40,49,-9,45,11,11,yes,
cff3d9bb,Chelsea FC,England,no,Premier League,2022/23,38,11,11,16,38,47,-9,44,12,12,yes,
8cec06e1,Wolverhampton Wanderers,England,no,Premier League,2022/23,38,11,8,19,31,58,-27,41,13,13,yes,
7c21e445,West Ham United,England,no,Premier League,2022/23,38,11,7,20,42,55,-13,40,14,14,yes,
4ba7cbea,AFC Bournemouth,England,no,Premier League,2022/23,38,11,6,21,37,71,-34,39,15,15,yes,
e4a775cb,Nottingham Forest,England,no,Premier League,2022/23,38,9,11,18,38,68,-30,38,16,16,yes,
d3fd31cc,Everton FC,England,no,Premier League,2022/23,38,8,12,18,34,57,-23,36,17,17,yes,
a2d435b3,Leicester City,England,no,Premier League,2022/23,38,9,7,22,51,68,-17,34,18,18,yes,
5bfb9659,Leeds United,England,no,Premier League,2022/23,38,7,10,21,48,78,-30,31,19,19,yes,
33c895d4,Southampton FC,England,no,Premier League,2022/23,38,6,7,25,36,73,-37,25,20,20,yes,
b8fd03ef,Manchester City,England,no,Premier League,2023/24,38,28,7,3,96,34,62,91,1,1,yes,
18bb7c10,Arsenal FC,England,no,Premier League,2023/24,38,28,5,5,91,29,62,89,2,2,yes,
822bd0ba,Liverpool FC,England,no,Premier League,2023/24,38,24,10,4,86,41,45,82,3,3,yes,
8602292d,Aston Villa,England,no,Premier League,2023/24,38,20,8,10,76,61,15,68,4,4,yes,
361ca564,Tottenham Hotspur,England,no,Premier League,2023/24,38,20,6,12,74,61,13,66,5,5,yes,
cff3d9bb,Chelsea FC,England,no,Premier League,2023/24,38,18,9,11,77,63,14,63,6,6,yes,
b2b47a98,Newcastle United,England,no,Premier League,2023/24,38,18,6,14,85,62,23,60,7,7,yes,
19538871,Manchester United,England,no,Premier League,2023/24,38,18,6,14,57,58,-1,60,8,8,yes,
7c21e445,West Ham United,England,no,Premier League,2023/24,38,14,10,14,60,74,-14,52,9,9,yes,
47c64c55,Crystal Palace,England,no,Premier League,2023/24,38,13,10,15,57,58,-1,49,10,10,yes,
d07537b9,Brighton & Hove Albion,England,no,Premier League,2023/24,38,12,12,14,55,62,-7,48,11,11,yes,
d3fd31cc,Everton FC,England,yes,Premier League,2023/24,38,13,9,16,40,51,-11,48,12,15,no,"Premier League points deductions in 2023/24: computed 12th on 48 points, listed 15th"
4ba7cbea,AFC Bournemouth,England,no,Premier League,2023/24,38,13,9,16,54,67,-13,48,13,12,no,
fd962109,Fulham FC,England,no,Premier League,2023/24,38,13,8,17,55,61,-6,47,14,13,no,
8cec06e1,Wolverhampton Wanderers,England,no,Premier League,2023/24,38,13,7,18,50,65,-15,46,15,14,no,
cd051869,Brentford FC,England,no,Premier League,2023/24,38,10,9,19,56,65,-9,39,16,16,yes,
e4a775cb,Nottingham Forest,England,no,Premier League,2023/24,38,9,9,20,49,67,-18,36,17,17,yes,
e297cd13,Luton Town,England,no,Premier League,2023/24,38,6,8,24,52,85,-33,26,18,18,yes,
943e8050,Burnley FC,England,no,Premier League,2023/24,38,5,9,24,41,78,-37,24,19,19,yes,
1df6b87e,Sheffield United,England,no,Premier League,2023/24,38,3,7,28,35,104,-69,16,20,20,yes,
206d90db,FC Barcelona,Spain,no,La Liga,2017/18,38,28,9,1,99,29,70,93,1,1,yes,
db3b9613,Atlético de Madrid,Spain,no,La Liga,2017/18,38,23,10,5,58,22,36,79,2,2,yes,
53a2f082,Real Madrid,Spain,no,La Liga,2017/18,38,22,10,6,94,44,50,76,3,3,yes,
dcc91a7b,Valencia CF,Spain,no,La Liga,2017/18,38,22,7,9,65,38,27,73,4,4,yes,
2a8183b3,Villarreal CF,Spain,no,La Liga,2017/18,38,18,7,13,57,50,7,61,5,5,yes,
fc536746,Real Betis Balompié,Spain,no,La Liga,2017/18,38,18,6,14,60,61,-1,60,6,6,yes,
ad2be733,Sevilla FC,Spain,no,La Liga,2017/18,38,17,7,14,49,58,-9,58,7,7,yes,
7848bd64,Getafe CF,Spain,no,La Liga,2017/18,38,15,10,13,42,33,9,55,8,8,yes,
bea5c710,SD Eibar,Spain,no,La Liga,2017/18,38,14,9,15,44,50,-6,51,9,9,yes,
9024a00a,Girona FC,Spain,no,La Liga,2017/18,38,14,9,15,50,59,-9,51,10,10,yes,
e31d1cd9,Real Sociedad,Spain,no,La Liga,2017/18,38,14,7,17,66,59,7,49,11,12,no,
f25da7fb,Celta de Vigo,Spain,no,La Liga,2017/18,38,13,10,15,59,60,-1,49,12,13,no,
a8661628,RCD Espanyol Barcelona,Spain,no,La Liga,2017/18,38,12,13,13,36,42,-6,49,13,11,no,
8d6fd021,Deportivo Alavés,Spain,no,La Liga,2017/18,38,15,2,21,40,50,-10,47,14,14,yes,
9800b6a1,Levante UD,Spain,no,La Liga,2017/18,38,11,13,14,44,58,-14,46,15,15,yes,
2b390eca,Athletic Bilbao,Spain,no,La Liga,2017/18,38,10,13,15,41,49,-8,43,16,16,yes,
7c6f2c78,CD Leganés,Spain,no,La Liga,2017/18,38,12,7,19,34,51,-17,43,17,17,yes,
2a60ed82,Deportivo de La Coruña,Spain,no,La Liga,2017/18,38,6,11,21,38,76,-38,29,18,18,yes,
0049d422,UD Las Palmas,Spain,no,La Liga,2017/18,38,5,7,26,24,74,-50,22,19,19,yes,
1c896955,Málaga CF,Spain,no,La Liga,2017/18,38,5,5,28,24,61,-37,20,20,20,yes,
206d90db,FC Barcelona,Spain,no,La Liga,2018/19,38,26,9,3,90,36,54,87,1,1,yes,
db3b9613,Atlético de Madrid,Spain,no,La Liga,2018/19,38,22,10,6,55,29,26,76,2,2,yes,
53a2f082,Real Madrid,Spain,no,La Liga,2018/19,38,21,5,12,63,46,17,68,3,3,yes,
dcc91a7b,Valencia CF,Spain,no,La Liga,2018/19,38,15,16,7,51,35,16,61,4,4,yes,
ad2be733,Sevilla FC,Spain,no,La Liga,2018/19,38,17,8,13,62,47,15,59,5,6,no,
7848bd64,Getafe CF,Spain,no,La Liga,2018/19,38,15,14,9,48,35,13,59,6,5,no,
a8661628,RCD Espanyol Barcelona,Spain,no,La Liga,2018/19,38,14,11,13,48,50,-2,53,7,7,yes,
2b390eca,Athletic Bilbao,Spain,no,La Liga,2018/19,38,13,14,11,41,45,-4,53,8,8,yes,
e31d1cd9,Real Sociedad,Spain,no,La Liga,2018/19,38,13,11,14,45,46,-1,50,9,9,yes,
fc536746,Real Betis Balompié,Spain,no,La Liga,2018/19,38,14,8,16,44,52,-8,50,10,10,yes,
8d6fd021,Deportivo Alavés,Spain,no,La Liga,2018/19,38,13,11,14,39,50,-11,50,11,11,yes,
bea5c710,SD Eibar,Spain,no,La Liga,2018/19,38,11,14,13,46,50,-4,47,12,12,yes,
7c6f2c78,CD Leganés,Spain,no,La Liga,2018/19,38,11,12,15,37,43,-6,45,13,13,yes,
2a8183b3,Villarreal CF,Spain,no,La Liga,2018/19,38,10,14,14,49,52,-3,44,14,14,yes,
9800b6a1,Levante UD,Spain,no,La Liga,2018/19,38,11,11,16,59,66,-7,44,15,15,yes,
f25da7fb,Celta de Vigo,Spain,no,La Liga,2018/19,38,10,11,17,53,62,-9,41,16,17,no,
17859612,Real Valladolid CF,Spain,no,La Liga,2018/19,38,10,11,17,32,51,-19,41,17,16,no,
9024a00a,Girona FC,Spain,no,La Liga,2018/19,38,9,10,19,37,53,-16,37,18,18,yes,
c6c493e6,SD Huesca,Spain,no,La Liga,2018/19,38,7,12,19,43,65,-22,33,19,19,yes,
98e8af82,Rayo Vallecano,Spain,no,La Liga,2018/19,38,8,8,22,41,70,-29,32,20,20,yes,
53a2f082,Real Madrid,Spain,no,La Liga,2019/20,38,26,9,3,70,25,45,87,1,1,yes,
206d90db,FC Barcelona,Spain,no,La Liga,2019/20,38,25,7,6,86,38,48,82,2,2,yes,
db3b9613,Atlético de Madrid,Spain,no,La Liga,2019/20,38,18,16,4,51,27,24,70,3,3,yes,
ad2be733,Sevilla FC,Spain,no,La Liga,2019/20,38,19,13,6,54,34,20,70,4,4,yes,
2a8183b3,Villarreal CF,Spain,no,La Liga,2019/20,38,18,6,14,63,49,14,60,5,5,yes,
e31d1cd9,Real Sociedad,Spain,no,La Liga,2019/20,38,16,8,14,56,48,8,56,6,6,yes,
a0435291,Granada CF,Spain,no,La Liga,2019/20,38,16,8,14,52,45,7,56,7,7,yes,
7848bd64,Getafe CF,Spain,no,La Liga,2019/20,38,14,12,12,43,37,6,54,8,8,yes,
dcc91a7b,Valencia CF,Spain,no,La Liga,2019/20,38,14,11,13,46,53,-7,53,9,9,yes,
03c57e2b,CA Osasuna,Spain,no,La Liga,2019/20,38,13,13,12,46,54,-8,52,10,10,yes,
2b390eca,Athletic Bilbao,Spain,no,La Liga,2019/20,38,13,12,13,41,38,3,51,11,11,yes,
9800b6a1,Levante UD,Spain,no,La Liga,2019/20,38,14,7,17,47,53,-6,49,12,12,yes,
17859612,Real Valladolid CF,Spain,no,La Liga,2019/20,38,9,15,14,32,43,-11,42,13,13,yes,
bea5c710,SD Eibar,Spain,no,La Liga,2019/20,38,11,9,18,39,56,-17,42,14,14,yes,
fc536746,Real Betis Balompié,Spain,no,La Liga,2019/20,38,10,11,17,48,60,-12,41,15,15,yes,
8d6fd021,Deportivo Alavés,Spain,no,La Liga,2019/20,38,10,9,19,34,59,-25,39,16,16,yes,
f25da7fb,Celta de Vigo,Spain,no,La Liga,2019/20,38,7,16,15,37,49,-12,37,17,17,yes,
7c6f2c78,CD Leganés,Spain,no,La Liga,2019/20,38,8,12,18,30,51,-21,36,18,18,yes,
2aa12281,RCD Mallorca,Spain,no,La Liga,2019/20,38,9,6,23,40,65,-25,33,19,19,yes,
a8661628,RCD Espanyol Barcelona,Spain,no,La Liga,2019/20,38,5,10,23,27,58,-31,25,20,20,yes,
db3b9613,Atlético de Madrid,Spain,no,La Liga,2020/21,38,26,8,4,67,25,42,86,1,1,yes,
53a2f082,Real Madrid,Spain,no,La Liga,2020/21,38,25,9,4,67,28,39,84,2,2,yes,
206d90db,FC Barcelona,Spain,no,La Liga,2020/21,38,24,7,7,85,38,47,79,3,3,yes,
ad2be733,Sevilla FC,Spain,no,La Liga,2020/21,38,24,5,9,53,33,20,77,4,4,yes,
e31d1cd9,Real Sociedad,Spain,no,La Liga,2020/21,38,17,11,10,59,38,21,62,5,5,yes,
fc536746,Real Betis Balompié,Spain,no,La Liga,2020/21,38,17,10,11,50,50,0,61,6,6,yes,
2a8183b3,Villarreal CF,Spain,no,La Liga,2020/21,38,15,13,10,60,44,16,58,7,7,yes,
f25da7fb,Celta de Vigo,Spain,no,La Liga,2020/21,38,14,11,13,55,57,-2,53,8,8,yes,
2b390eca,Athletic Bilbao,Spain,no,La Liga,2020/21,38,11,13,14,46,42,4,46,9,9,yes,
a0435291,Granada CF,Spain,no,La Liga,2020/21,38,13,7,18,47,65,-18,46,10,10,yes,
03c57e2b,CA Osasuna,Spain,no,La Liga,2020/21,38,11,11,16,37,48,-11,44,11,11,yes,
ee7c297c,Cádiz CF,Spain,no,La Liga,2020/21,38,11,11,16,36,58,-22,44,12,12,yes,
dcc91a7b,Valencia CF,Spain,no,La Liga,2020/21,38,10,13,15,50,53,-3,43,13,13,yes,
9800b6a1,Levante UD,Spain,no,La Liga,2020/21,38,9,14,15,46,57,-11,41,14,14,yes,
7848bd64,Getafe CF,Spain,no,La Liga,2020/21,38,9,11,18,28,43,-15,38,15,15,yes,
8d6fd021,Deportivo Alavés,Spain,no,La Liga,2020/21,38,9,11,18,36,57,-21,38,16,16,yes,
6c8b07df,Elche CF,Spain,no,La Liga,2020/21,38,8,12,18,34,55,-21,36,17,17,yes,
c6c493e6,SD Huesca,Spain,no,La Liga,2020/21,38,7,13,18,34,53,-19,34,18,18,yes,
17859612,Real Valladolid CF,Spain,no,La Liga,2020/21,38,5,16,17,34,57,-23,31,19,19,yes,
bea5c710,SD Eibar,Spain,no,La Liga,2020/21,38,6,12,20,29,52,-23,30,20,20,yes,
53a2f082,Real Madrid,Spain,no,La Liga,2021/22,38,26,8,4,80,31,49,86,1,1,yes,
206d90db,FC Barcelona,Spain,no,La Liga,2021/22,38,21,10,7,68,38,30,73,2,2,yes,
db3b9613,Atlético de Madrid,Spain,no,La Liga,2021/22,38,21,8,9,65,43,22,71,3,3,yes,
ad2be733,Sevilla FC,Spain,no,La Liga,2021/22,38,18,16,4,53,30,23,70,4,4,yes,
fc536746,Real Betis Balompié,Spain,no,La Liga,2021/22,38,19,8,11,62,40,22,65,5,5,yes,
e31d1cd9,Real Sociedad,Spain,no,La Liga,2021/22,38,17,11,10,40,37,3,62,6,6,yes,
2a8183b3,Villarreal CF,Spain,no,La Liga,2021/22,38,16,11,11,63,37,26,59,7,7,yes,
2b390eca,Athletic Bilbao,Spain,no,La Liga,2021/22,38,14,13,11,43,36,7,55,8,8,yes,
dcc91a7b,Valencia CF,Spain,no,La Liga,2021/22,38,11,15,12,48,53,-5,48,9,9,yes,
03c57e2b,CA Osasuna,Spain,no,La Liga,2021/22,38,12,11,15,37,51,-14,47,10,10,yes,
f25da7fb,Celta de Vigo,Spain,no,La Liga,2021/22,38,12,10,16,43,43,0,46,11,11,yes,
98e8af82,Rayo Vallecano,Spain,no,La Liga,2021/22,38,11,9,18,39,50,-11,42,12,12,yes,
6c8b07df,Elche CF,Spain,no,La Liga,2021/22,38,11,9,18,40,52,-12,42,13,13,yes,
a8661628,RCD Espanyol Barcelona,Spain,no,La Liga,2021/22,38,10,12,16,40,53,-13,42,14,14,yes,
7848bd64,Getafe CF,Spain,no,La Liga,2021/22,38,8,15,15,33,41,-8,39,15,15,yes,
ee7c297c,Cádiz CF,Spain,no,La Liga,2021/22,38,8,15,15,35,51,-16,39,16,17,no,
2aa12281,RCD Mallorca,Spain,no,La Liga,2021/22,38,10,9,19,36,63,-27,39,17,16,no,
a0435291,Granada CF,Spain,no,La Liga,2021/22,38,8,14,16,44,61,-17,38,18,18,yes,
9800b6a1,Levante UD,Spain,no,La Liga,2021/22,38,8,11,19,51,76,-25,35,19,19,yes,
8d6fd021,Deportivo Alavés,Spain,no,La Liga,2021/22,38,8,7,23,31,65,-34,31,20,20,yes,
206d90db,FC Barcelona,Spain,no,La Liga,2022/23,38,28,4,6,70,20,50,88,1,1,yes,
53a2f082,Real Madrid,Spain,no,La Liga,2022/23,38,24,6,8,75,36,39,78,2,2,yes,
db3b9613,Atlético de Madrid,Spain,no,La Liga,2022/23,38,23,8,7,70,33,37,77,3,3,yes,
e31d1cd9,Real Sociedad,Spain,no,La Liga,2022/23,38,21,8,9,51,35,16,71,4,4,yes,
2a8183b3,Villarreal CF,Spain,no,La Liga,2022/23,38,19,7,12,59,40,19,64,5,5,yes,
fc536746,Real Betis Balompié,Spain,no,La Liga,2022/23,38,17,9,12,46,41,5,60,6,6,yes,
03c57e2b,CA Osasuna,Spain,no,La Liga,2022/23,38,15,8,15,37,42,-5,53,7,7,yes,
2b390eca,Athletic Bilbao,Spain,no,La Liga,2022/23,38,14,9,15,47,43,4,51,8,8,yes,
2aa12281,RCD Mallorca,Spain,no,La Liga,2022/23,38,14,8,16,37,43,-6,50,9,9,yes,
9024a00a,Girona FC,Spain,no,La Liga,2022/23,38,13,10,15,58,55,3,49,10,10,yes,
ad2be733,Sevilla FC,Spain,no,La Liga,2022/23,38,13,10,15,47,54,-7,49,11,11,yes,
98e8af82,Rayo Vallecano,Spain,no,La Liga,2022/23,38,13,10,15,45,53,-8,49,12,12,yes,
f25da7fb,Celta de Vigo,Spain,no,La Liga,2022/23,38,11,10,17,43,53,-10,43,13,13,yes,
dcc91a7b,Valencia CF,Spain,no,La Liga,2022/23,38,11,9,18,42,45,-3,42,14,14,yes,
7848bd64,Getafe CF,Spain,no,La Liga,2022/23,38,10,12,16,34,45,-11,42,15,15,yes,
ee7c297c,Cádiz CF,Spain,no,La Liga,2022/23,38,10,12,16,30,53,-23,42,16,16,yes,
78ecf4bb,UD Almería,Spain,no,La Liga,2022/23,38,11,8,19,49,65,-16,41,17,17,yes,
17859612,Real Valladolid CF,Spain,no,La Liga,2022/23,38,11,7,20,33,63,-30,40,18,18,yes,
a8661628,RCD Espanyol Barcelona,Spain,no,La Liga,2022/23,38,8,13,17,52,69,-17,37,19,19,yes,
6c8b07df,Elche CF,Spain,no,La Liga,2022/23,38,5,10,23,30,67,-37,25,20,20,yes,
53a2f082,Real Madrid,Spain,no,La Liga,2023/24,38,29,8,1,87,26,61,95,1,1,yes,
206d90db,FC Barcelona,Spain,no,La Liga,2023/24,38,26,7,5,79,44,35,85,2,2,yes,
9024a00a,Girona FC,Spain,no,La Liga,2023/24,38,25,6,7,85,46,39,81,3,3,yes,
db3b9613,Atlético de Madrid,Spain,no,La Liga,2023/24,38,24,4,10,70,43,27,76,4,4,yes,
2b390eca,Athletic Bilbao,Spain,no,La Liga,2023/24,38,19,11,8,61,37,24,68,5,5,yes,
e31d1cd9,Real Sociedad,Spain,no,La Liga,2023/24,38,16,12,10,51,39,12,60,6,6,yes,
fc536746,Real Betis Balompié,Spain,no,La Liga,2023/24,38,14,15,9,48,45,3,57,7,7,yes,
2a8183b3,Villarreal CF,Spain,no,La Liga,2023/24,38,14,11,13,65,65,0,53,8,8,yes,
dcc91a7b,Valencia CF,Spain,no,La Liga,2023/24,38,13,10,15,40,45,-5,49,9,9,yes,
8d6fd021,Deportivo Alavés,Spain,no,La Liga,2023/24,38,12,10,16,36,46,-10,46,10,10,yes,
03c57e2b,CA Osasuna,Spain,no,La Liga,2023/24,38,12,9,17,45,56,-11,45,11,11,yes,
7848bd64,Getafe CF,Spain,no,La Liga,2023/24,38,10,13,15,42,54,-12,43,12,12,yes,
ad2be733,Sevilla FC,Spain,no,La Liga,2023/24,38,10,11,17,48,54,-6,41,13,13,yes,
f25da7fb,Celta de Vigo,Spain,no,La Liga,2023/24,38,10,11,17,46,57,-11,41,14,14,yes,
2aa12281,RCD Mallorca,Spain,no,La Liga,2023/24,38,8,16,14,33,44,-11,40,15,15,yes,
0049d422,UD Las Palmas,Spain,no,La Liga,2023/24,38,10,10,18,33,47,-14,40,16,16,yes,
98e8af82,Rayo Vallecano,Spain,no,La Liga,2023/24,38,8,14,16,29,48,-19,38,17,17,yes,
ee7c297c,Cádiz CF,Spain,no,La Liga,2023/24,38,6,15,17,26,55,-29,33,18,18,yes,
78ecf4bb,UD Almería,Spain,no,La Liga,2023/24,38,3,12,23,43,75,-32,21,19,19,yes,
a0435291,Granada CF,Spain,no,La Liga,2023/24,38,4,9,25,38,79,-41,21,20,20,yes,
e0652b02,Juventus FC,Italy,no,Serie A,2017/18,38,30,5,3,86,24,62,95,1,1,yes,
d48ad4ff,SSC Napoli,Italy,no,Serie A,2017/18,38,28,7,3,77,29,48,91,2,2,yes,
cf74a709,Associazione Sportiva Roma,Italy,no,Serie A,2017/18,38,23,8,7,61,28,33,77,3,3,yes,
7213da33,Società Sportiva Lazio S.p.A.,Italy,no,Serie A,2017/18,38,21,9,8,89,49,40,72,4,5,no,
d609edc0,Inter Milan,Italy,no,Serie A,2017/18,38,20,12,6,66,30,36,72,5,4,no,
dc56fe14,AC Milan,Italy,no,Serie A,2017/18,38,18,10,10,56,42,14,64,6,6,yes,
922493f3,Atalanta BC,Italy,no,Serie A,2017/18,38,16,12,10,57,39,18,60,7,7,yes,
421387cf,ACF Fiorentina,Italy,no,Serie A,2017/18,38,16,9,13,54,46,8,57,8,8,yes,
105360fe,Torino FC,Italy,no,Serie A,2017/18,38,13,15,10,54,46,8,54,9,10,no,
8ff9e3b3,UC Sampdoria,Italy,no,Serie A,2017/18,38,16,6,16,56,60,-4,54,10,9,no,
e2befd26,US Sassuolo,Italy,no,Serie A,2017/18,38,11,10,17,29,59,-30,43,11,11,yes,
658bf2de,Genoa CFC,Italy,no,Serie A,2017/18,38,11,8,19,33,43,-10,41,12,12,yes,
04eea015,Udinese Calcio,Italy,no,Serie A,2017/18,38,12,4,22,48,63,-15,40,13,14,no,
cc919b35,Chievo Verona,Italy,no,Serie A,2017/18,38,10,10,18,36,59,-23,40,14,13,no,
1d8099f8,Bologna Football Club 1909,Italy,no,Serie A,2017/18,38,11,6,21,40,52,-12,39,15,16,no,
c4260e09,Cagliari Calcio,Italy,no,Serie A,2017/18,38,11,6,21,33,61,-28,39,16,15,no,
1d2fe027,SPAL,Italy,no,Serie A,2017/18,38,8,14,16,39,59,-20,38,17,17,yes,
3074d7b1,FC Crotone,Italy,no,Serie A,2017/18,38,9,8,21,40,66,-26,35,18,18,yes,
0e72edf2,Hellas Verona,Italy,no,Serie A,2017/18,38,7,4,27,30,78,-48,25,19,19,yes,
4fcb34fd,Benevento Calcio,Italy,no,Serie A,2017/18,38,6,3,29,33,84,-51,21,20,20,yes,
e0652b02,Juventus FC,Italy,no,Serie A,2018/19,38,28,6,4,70,30,40,90,1,1,yes,
d48ad4ff,SSC Napoli,Italy,no,Serie A,2018/19,38,24,7,7,74,36,38,79,2,2,yes,
922493f3,Atalanta BC,Italy,no,Serie A,2018/19,38,20,9,9,77,46,31,69,3,3,yes,
d609edc0,Inter Milan,Italy,no,Serie A,2018/19,38,20,9,9,57,33,24,69,4,4,yes,
dc56fe14,AC Milan,Italy,no,Serie A,2018/19,38,19,11,8,55,36,19,68,5,5,yes,
cf74a709,Associazione Sportiva Roma,Italy,no,Serie A,2018/19,38,18,12,8,66,48,18,66,6,6,yes,
105360fe,Torino FC,Italy,no,Serie A,2018/19,38,16,15,7,52,37,15,63,7,7,yes,
7213da33,Società Sportiva Lazio S.p.A.,Italy,no,Serie A,2018/19,38,17,8,13,56,46,10,59,8,8,yes,
8ff9e3b3,UC Sampdoria,Italy,no,Serie A,2018/19,38,15,8,15,60,51,9,53,9,9,yes,
1d8099f8,Bologna Football Club 1909,Italy,no,Serie A,2018/19,38,11,11,16,48,56,-8,44,10,10,yes,
e2befd26,US Sassuolo,Italy,no,Serie A,2018/19,38,9,16,13,53,60,-7,43,11,11,yes,
04eea015,Udinese Calcio,Italy,no,Serie A,2018/19,38,11,10,17,39,53,-14,43,12,12,yes,
1d2fe027,SPAL,Italy,no,Serie A,2018/19,38,11,9,18,44,56,-12,42,13,13,yes,
421387cf,ACF Fiorentina,Italy,no,Serie A,2018/19,38,8,17,13,47,45,2,41,14,16,no,
c4260e09,Cagliari Calcio,Italy,no,Serie A,2018/19,38,10,11,17,36,54,-18,41,15,15,yes,
eab4234c,Parma Calcio 1913,Italy,no,Serie A,2018/19,38,10,11,17,41,61,-20,41,16,14,no,
658bf2de,Genoa CFC,Italy,no,Serie A,2018/19,38,8,14,16,39,57,-18,38,17,17,yes,
a3d88bd8,FC Empoli,Italy,no,Serie A,2018/19,38,10,8,20,51,70,-19,38,18,18,yes,
6a7ad59d,Frosinone Calcio,Italy,no,Serie A,2018/19,38,5,10,23,29,69,-40,25,19,19,yes,
cc919b35,Chievo Verona,Italy,no,Serie A,2018/19,38,2,14,22,25,75,-50,20,20,20,yes,
e0652b02,Juventus FC,Italy,no,Serie A,2019/20,38,26,5,7,76,43,33,83,1,1,yes,
d609edc0,Inter Milan,Italy,no,Serie A,2019/20,38,24,10,4,81,36,45,82,2,2,yes,
922493f3,Atalanta BC,Italy,no,Serie A,2019/20,38,23,9,6,98,48,50,78,3,3,yes,
7213da33,Società Sportiva Lazio S.p.A.,Italy,no,Serie A,2019/20,38,24,6,8,79,42,37,78,4,4,yes,
cf74a709,Associazione Sportiva Roma,Italy,no,Serie A,2019/20,38,21,7,10,77,51,26,70,5,5,yes,
dc56fe14,AC Milan,Italy,no,Serie A,2019/20,38,19,9,10,63,46,17,66,6,6,yes,
d48ad4ff,SSC Napoli,Italy,no,Serie A,2019/20,38,18,8,12,61,50,11,62,7,7,yes,
e2befd26,US Sassuolo,Italy,no,Serie A,2019/20,38,14,9,15,69,63,6,51,8,8,yes,
421387cf,ACF Fiorentina,Italy,no,Serie A,2019/20,38,12,13,13,51,48,3,49,9,10,no,
eab4234c,Parma Calcio 1913,Italy,no,Serie A,2019/20,38,14,7,17,56,57,-1,49,10,11,no,
0e72edf2,Hellas Verona,Italy,no,Serie A,2019/20,38,12,13,13,47,51,-4,49,11,9,no,
1d8099f8,Bologna Football Club 1909,Italy,no,Serie A,2019/20,38,12,11,15,52,65,-13,47,12,12,yes,
c4260e09,Cagliari Calcio,Italy,no,Serie A,2019/20,38,11,12,15,52,56,-4,45,13,14,no,
04eea015,Udinese Calcio,Italy,no,Serie A,2019/20,38,12,9,17,37,51,-14,45,14,13,no,
8ff9e3b3,UC Sampdoria,Italy,no,Serie A,2019/20,38,12,6,20,48,65,-17,42,15,15,yes,
105360fe,Torino FC,Italy,no,Serie A,2019/20,38,11,7,20,46,68,-22,40,16,16,yes,
658bf2de,Genoa CFC,Italy,no,Serie A,2019/20,38,10,9,19,47,73,-26,39,17,17,yes,
ffcbe334,US Lecce,Italy,no,Serie A,2019/20,38,9,8,21,52,85,-33,35,18,18,yes,
4ef57aeb,Brescia Calcio,Italy,no,Serie A,2019/20,38,6,7,25,35,79,-44,25,19,19,yes,
1d2fe027,SPAL,Italy,no,Serie A,2019/20,38,5,5,28,27,77,-50,20,20,20,yes,
d609edc0,Inter Milan,Italy,no,Serie A,2020/21,38,28,7,3,89,35,54,91,1,1,yes,
dc56fe14,AC Milan,Italy,no,Serie A,2020/21,38,24,7,7,74,41,33,79,2,2,yes,
922493f3,Atalanta BC,Italy,no,Serie A,2020/21,38,23,9,6,90,47,43,78,3,3,yes,
e0652b02,Juventus FC,Italy,no,Serie A,2020/21,38,23,9,6,77,38,39,78,4,4,yes,
d48ad4ff,SSC Napoli,Italy,no,Serie A,2020/21,38,24,5,9,86,41,45,77,5,5,yes,
7213da33,Società Sportiva Lazio S.p.A.,Italy,no,Serie A,2020/21,38,21,5,12,61,55,6,68,6,6,yes,
cf74a709,Associazione Sportiva Roma,Italy,no,Serie A,2020/21,38,18,8,12,68,58,10,62,7,7,yes,
e2befd26,US Sassuolo,Italy,no,Serie A,2020/21,38,17,11,10,64,56,8,62,8,8,yes,
8ff9e3b3,UC Sampdoria,Italy,no,Serie A,2020/21,38,15,7,16,52,54,-2,52,9,9,yes,
0e72edf2,Hellas Verona,Italy,no,Serie A,2020/21,38,11,12,15,46,48,-2,45,10,10,yes,
658bf2de,Genoa CFC,Italy,no,Serie A,2020/21,38,10,12,16,47,58,-11,42,11,11,yes,
1d8099f8,Bologna Football Club 1909,Italy,no,Serie A,2020/21,38,10,11,17,51,65,-14,41,12,12,yes,
421387cf,ACF Fiorentina,Italy,no,Serie A,2020/21,38,9,13,16,47,59,-12,40,13,14,no,
04eea015,Udinese Calcio,Italy,no,Serie A,2020/21,38,10,10,18,42,58,-16,40,14,13,no,
68449f6d,Spezia Calcio,Italy,no,Serie A,2020/21,38,9,12,17,52,72,-20,39,15,15,yes,
c4260e09,Cagliari Calcio,Italy,no,Serie A,2020/21,38,9,10,19,43,59,-16,37,16,16,yes,
105360fe,Torino FC,Italy,no,Serie A,2020/21,38,7,16,15,50,69,-19,37,17,17,yes,
4fcb34fd,Benevento Calcio,Italy,no,Serie A,2020/21,38,7,12,19,40,75,-35,33,18,18,yes,
3074d7b1,FC Crotone,Italy,no,Serie A,2020/21,38,6,5,27,45,92,-47,23,19,19,yes,
eab4234c,Parma Calcio 1913,Italy,no,Serie A,2020/21,38,3,11,24,39,83,-44,20,20,20,yes,
dc56fe14,AC Milan,Italy,no,Serie A,2021/22,38,26,8,4,69,31,38,86,1,1,yes,
d609edc0,Inter Milan,Italy,no,Serie A,2021/22,38,25,9,4,84,32,52,84,2,2,yes,
d48ad4ff,SSC Napoli,Italy,no,Serie A,2021/22,38,24,7,7,74,31,43,79,3,3,yes,
e0652b02,Juventus FC,Italy,no,Serie A,2021/22,38,20,10,8,57,37,20,70,4,4,yes,
7213da33,Società Sportiva Lazio S.p.A.,Italy,no,Serie A,2021/22,38,18,10,10,77,58,19,64,5,5,yes,
cf74a709,Associazione Sportiva Roma,Italy,no,Serie A,2021/22,38,18,9,11,59,43,16,63,6,6,yes,
421387cf,ACF Fiorentina,Italy,no,Serie A,2021/22,38,19,5,14,59,51,8,62,7,7,yes,
922493f3,Atalanta BC,Italy,no,Serie A,2021/22,38,16,11,11,65,48,17,59,8,8,yes,
0e72edf2,Hellas Verona,Italy,no,Serie A,2021/22,38,14,11,13,65,59,6,53,9,9,yes,
105360fe,Torino FC,Italy,no,Serie A,2021/22,38,13,11,14,46,41,5,50,10,10,yes,
e2befd26,US Sassuolo,Italy,no,Serie A,2021/22,38,13,11,14,64,66,-2,50,11,11,yes,
04eea015,Udinese Calcio,Italy,no,Serie A,2021/22,38,11,14,13,61,58,3,47,12,12,yes,
1d8099f8,Bologna Football Club 1909,Italy,no,Serie A,2021/22,38,12,10,16,44,55,-11,46,13,13,yes,
a3d88bd8,FC Empoli,Italy,no,Serie A,2021/22,38,10,11,17,50,70,-20,41,14,14,yes,
8ff9e3b3,UC Sampdoria,Italy,no,Serie A,2021/22,38,10,6,22,46,63,-17,36,15,15,yes,
68449f6d,Spezia Calcio,Italy,no,Serie A,2021/22,38,10,6,22,41,71,-30,36,16,16,yes,
c5577084,US Salernitana 1919,Italy,no,Serie A,2021/22,38,7,10,21,33,78,-45,31,17,17,yes,
c4260e09,Cagliari Calcio,Italy,no,Serie A,2021/22,38,6,12,20,34,68,-34,30,18,18,yes,
658bf2de,Genoa CFC,Italy,no,Serie A,2021/22,38,4,16,18,27,60,-33,28,19,19,yes,
af5d5982,Venezia FC,Italy,no,Serie A,2021/22,38,6,9,23,34,69,-35,27,20,20,yes,
d48ad4ff,SSC Napoli,Italy,no,Serie A,2022/23,38,28,6,4,77,28,49,90,1,1,yes,
7213da33,Società Sportiva Lazio S.p.A.,Italy,no,Serie A,2022/23,38,22,8,8,60,30,30,74,2,2,yes,
d609edc0,Inter Milan,Italy,no,Serie A,2022/23,38,23,3,12,71,42,29,72,3,3,yes,
e0652b02,Juventus FC,Italy,yes,Serie A,2022/23,38,22,6,10,56,33,23,72,4,7,no,"Serie A points deduction in January 2023: computed 4th on 72 points, listed 7th"
dc56fe14,AC Milan,Italy,no,Serie A,2022/23,38,20,10,8,64,43,21,70,5,4,no,
922493f3,Atalanta BC,Italy,no,Serie A,2022/23,38,19,7,12,66,48,18,64,6,5,no,
cf74a709,Associazione Sportiva Roma,Italy,no,Serie A,2022/23,38,18,9,11,50,38,12,63,7,6,no,
421387cf,ACF Fiorentina,Italy,no,Serie A,2022/23,38,15,11,12,53,43,10,56,8,8,yes,
1d8099f8,Bologna Football Club 1909,Italy,no,Serie A,2022/23,38,14,12,12,53,49,4,54,9,9,yes,
105360fe,Torino FC,Italy,no,Serie A,2022/23,38,14,11,13,42,41,1,53,10,10,yes,
21680aa4,AC Monza,Italy,no,Serie A,2022/23,38,14,10,14,48,52,-4,52,11,11,yes,
04eea015,Udinese Calcio,Italy,no,Serie A,2022/23,38,11,13,14,47,48,-1,46,12,12,yes,
e2befd26,US Sassuolo,Italy,no,Serie A,2022/23,38,12,9,17,47,61,-14,45,13,13,yes,
a3d88bd8,FC Empoli,Italy,no,Serie A,2022/23,38,10,13,15,37,49,-12,43,14,14,yes,
c5577084,US Salernitana 1919,Italy,no,Serie A,2022/23,38,9,15,14,48,62,-14,42,15,15,yes,
ffcbe334,US Lecce,Italy,no,Serie A,2022/23,38,8,12,18,33,46,-13,36,16,16,yes,
0e72edf2,Hellas Verona,Italy,no,Serie A,2022/23,38,7,10,21,31,59,-28,31,17,18,no,
68449f6d,Spezia Calcio,Italy,no,Serie A,2022/23,38,6,13,19,31,62,-31,31,18,17,no,
9aad3a77,US Cremonese,Italy,no,Serie A,2022/23,38,5,12,21,36,69,-33,27,19,19,yes,
8ff9e3b3,UC Sampdoria,Italy,no,Serie A,2022/23,38,3,10,25,24,71,-47,19,20,20,yes,
d609edc0,Inter Milan,Italy,no,Serie A,2023/24,38,29,7,2,89,22,67,94,1,1,yes,
dc56fe14,AC Milan,Italy,no,Serie A,2023/24,38,22,9,7,76,49,27,75,2,2,yes,
e0652b02,Juventus FC,Italy,no,Serie A,2023/24,38,19,14,5,54,31,23,71,3,3,yes,
922493f3,Atalanta BC,Italy,no,Serie A,2023/24,38,21,6,11,72,42,30,69,4,6,no,
1d8099f8,Bologna Football Club 1909,Italy,no,Serie A,2023/24,38,18,14,6,54,32,22,68,5,5,yes,
cf74a709,Associazione Sportiva Roma,Italy,no,Serie A,2023/24,38,18,9,11,65,46,19,63,6,6,yes,
7213da33,Società Sportiva Lazio S.p.A.,Italy,no,Serie A,2023/24,38,18,7,13,49,39,10,61,7,7,yes,
421387cf,ACF Fiorentina,Italy,no,Serie A,2023/24,38,17,9,12,61,46,15,60,8,7,no,
d48ad4ff,SSC Napoli,Italy,no,Serie A,2023/24,38,13,14,11,55,48,7,53,9,10,no,
105360fe,Torino FC,Italy,no,Serie A,2023/24,38,13,14,11,36,36,0,53,10,9,no,
658bf2de,Genoa CFC,Italy,no,Serie A,2023/24,38,12,13,13,45,45,0,49,11,11,yes,
21680aa4,AC Monza,Italy,no,Serie A,2023/24,38,11,12,15,39,51,-12,45,12,12,yes,
0e72edf2,Hellas Verona,Italy,no,Serie A,2023/24,38,9,11,18,38,51,-13,38,13,13,yes,
ffcbe334,US Lecce,Italy,no,Serie A,2023/24,38,8,14,16,32,54,-22,38,14,14,yes,
04eea015,Udinese Calcio,Italy,no,Serie A,2023/24,38,6,19,13,37,53,-16,37,15,15,yes,
a3d88bd8,FC Empoli,Italy,no,Serie A,2023/24,38,9,9,20,29,54,-25,36,16,17,no,
c4260e09,Cagliari Calcio,Italy,no,Serie A,2023/24,38,8,12,18,42,68,-26,36,17,16,no,
6a7ad59d,Frosinone Calcio,Italy,no,Serie A,2023/24,38,8,11,19,44,69,-25,35,18,18,yes,
e2befd26,US Sassuolo,Italy,no,Serie A,2023/24,38,7,9,22,43,75,-32,30,19,19,yes,
c5577084,US Salernitana 1919,Italy,no,Serie A,2023/24,38,2,11,25,32,81,-49,17,20,20,yes,
054efa67,Bayern Munich,Germany,no,Bundesliga,2017/18,34,27,3,4,92,28,64,84,1,1,yes,
c539e393,FC Schalke 04,Germany,no,Bundesliga,2017/18,34,18,9,7,53,37,16,63,2,2,yes,
033ea6b8,TSG 1899 Hoffenheim,Germany,no,Bundesliga,2017/18,34,15,10,9,66,48,18,55,3,3,yes,
add600ae,Borussia Dortmund,Germany,no,Bundesliga,2017/18,34,15,10,9,64,47,17,55,4,4,yes,
c7a9f859,Bayer 04 Leverkusen,Germany,no,Bundesliga,2017/18,34,15,10,9,58,44,14,55,5,5,yes,
acbb6a5b,RB Leipzig,Germany,no,Bundesliga,2017/18,34,15,8,11,57,53,4,53,6,6,yes,
598bc722,VfB Stuttgart,Germany,no,Bundesliga,2017/18,34,15,6,13,36,36,0,51,7,7,yes,
f0ac8ee6,Eintracht Frankfurt,Germany,no,Bundesliga,2017/18,34,14,7,13,45,45,0,49,8,8,yes,
32f3ee20,Borussia Mönchengladbach,Germany,no,Bundesliga,2017/18,34,13,8,13,47,52,-5,47,9,9,yes,
2818f8bc,Hertha BSC,Germany,no,Bundesliga,2017/18,34,10,13,11,43,46,-3,43,10,10,yes,
62add3bf,SV Werder Bremen,Germany,no,Bundesliga,2017/18,34,10,12,12,37,40,-3,42,11,11,yes,
0cdc4311,FC Augsburg,Germany,no,Bundesliga,2017/18,34,10,11,13,43,46,-3,41,12,12,yes,
60b5e41f,Hannover 96,Germany,no,Bundesliga,2017/18,34,10,9,15,44,54,-10,39,13,13,yes,
a224b06a,1.FSV Mainz 05,Germany,no,Bundesliga,2017/18,34,9,9,16,38,52,-14,36,14,14,yes,
a486e511,SC Freiburg,Germany,no,Bundesliga,2017/18,34,8,12,14,32,56,-24,36,15,15,yes,
4eaa11d7,VfL Wolfsburg,Germany,no,Bundesliga,2017/18,34,6,15,13,36,48,-12,33,16,16,yes,
26790c6a,Hamburger SV,Germany,no,Bundesliga,2017/18,34,8,7,19,29,53,-24,31,17,17,yes,
bc357bf7,1.FC Köln,Germany,no,Bundesliga,2017/18,34,5,7,22,35,70,-35,22,18,18,yes,
054efa67,Bayern Munich,Germany,no,Bundesliga,2018/19,34,24,6,4,88,32,56,78,1,1,yes,
add600ae,Borussia Dortmund,Germany,no,Bundesliga,2018/19,34,23,7,4,81,44,37,76,2,2,yes,
acbb6a5b,RB Leipzig,Germany,no,Bundesliga,2018/19,34,19,9,6,63,29,34,66,3,3,yes,
c7a9f859,Bayer 04 Leverkusen,Germany,no,Bundesliga,2018/19,34,18,4,12,69,52,17,58,4,4,yes,
32f3ee20,Borussia Mönchengladbach,Germany,no,Bundesliga,2018/19,34,16,7,11,55,42,13,55,5,5,yes,
4eaa11d7,VfL Wolfsburg,Germany,no,Bundesliga,2018/19,34,16,7,11,62,50,12,55,6,6,yes,
f0ac8ee6,Eintracht Frankfurt,Germany,no,Bundesliga,2018/19,34,15,9,10,60,48,12,54,7,7,yes,
62add3bf,SV Werder Bremen,Germany,no,Bundesliga,2018/19,34,14,11,9,58,49,9,53,8,8,yes,
033ea6b8,TSG 1899 Hoffenheim,Germany,no,Bundesliga,2018/19,34,13,12,9,70,52,18,51,9,9,yes,
b1278397,Fortuna Düsseldorf,Germany,no,Bundesliga,2018/19,34,13,5,16,49,65,-16,44,10,10,yes,
2818f8bc,Hertha BSC,Germany,no,Bundesliga,2018/19,34,11,10,13,49,57,-8,43,11,11,yes,
a224b06a,1.FSV Mainz 05,Germany,no,Bundesliga,2018/19,34,12,7,15,46,57,-11,43,12,12,yes,
a486e511,SC Freiburg,Germany,no,Bundesliga,2018/19,34,8,12,14,46,61,-15,36,13,13,yes,
c539e393,FC Schalke 04,Germany,no,Bundesliga,2018/19,34,8,9,17,37,55,-18,33,14,14,yes,
0cdc4311,FC Augsburg,Germany,no,Bundesliga,2018/19,34,8,8,18,51,71,-20,32,15,15,yes,
598bc722,VfB Stuttgart,Germany,no,Bundesliga,2018/19,34,7,7,20,32,70,-38,28,16,16,yes,
60b5e41f,Hannover 96,Germany,no,Bundesliga,2018/19,34,5,6,23,31,71,-40,21,17,17,yes,
6f2c108c,1.FC Nuremberg,Germany,no,Bundesliga,2018/19,34,3,10,21,26,68,-42,19,18,18,yes,
054efa67,Bayern Munich,Germany,no,Bundesliga,2019/20,34,26,4,4,100,32,68,82,1,1,yes,
add600ae,Borussia Dortmund,Germany,no,Bundesliga,2019/20,34,21,6,7,84,41,43,69,2,2,yes,
acbb6a5b,RB Leipzig,Germany,no,Bundesliga,2019/20,34,18,12,4,81,37,44,66,3,3,yes,
32f3ee20,Borussia Mönchengladbach,Germany,no,Bundesliga,2019/20,34,20,5,9,66,40,26,65,4,4,yes,
c7a9f859,Bayer 04 Leverkusen,Germany,no,Bundesliga,2019/20,34,19,6,9,61,44,17,63,5,5,yes,
033ea6b8,TSG 1899 Hoffenheim,Germany,no,Bundesliga,2019/20,34,15,7,12,53,53,0,52,6,6,yes,
4eaa11d7,VfL Wolfsburg,Germany,no,Bundesliga,2019/20,34,13,10,11,48,46,2,49,7,7,yes,
a486e511,SC Freiburg,Germany,no,Bundesliga,2019/20,34,13,9,12,48,47,1,48,8,8,yes,
f0ac8ee6,Eintracht Frankfurt,Germany,no,Bundesliga,2019/20,34,13,6,15,59,60,-1,45,9,9,yes,
2818f8bc,Hertha BSC,Germany,no,Bundesliga,2019/20,34,11,8,15,48,59,-11,41,10,10,yes,
7a41008f,1.FC Union Berlin,Germany,no,Bundesliga,2019/20,34,12,5,17,41,58,-17,41,11,11,yes,
c539e393,FC Schalke 04,Germany,no,Bundesliga,2019/20,34,9,12,13,38,58,-20,39,12,12,yes,
a224b06a,1.FSV Mainz 05,Germany,no,Bundesliga,2019/20,34,11,4,19,44,65,-21,37,13,13,yes,
bc357bf7,1.FC Köln,Germany,no,Bundesliga,2019/20,34,10,6,18,51,69,-18,36,14,14,yes,
0cdc4311,FC Augsburg,Germany,no,Bundesliga,2019/20,34,9,9,16,45,63,-18,36,15,15,yes,
62add3bf,SV Werder Bremen,Germany,no,Bundesliga,2019/20,34,8,7,19,42,69,-27,31,16,16,yes,
b1278397,Fortuna Düsseldorf,Germany,no,Bundesliga,2019/20,34,6,12,16,36,67,-31,30,17,17,yes,
d9f93f02,SC Paderborn 07,Germany,no,Bundesliga,2019/20,34,4,8,22,37,74,-37,20,18,18,yes,
054efa67,Bayern Munich,Germany,no,Bundesliga,2020/21,34,24,6,4,99,44,55,78,1,1,yes,
acbb6a5b,RB Leipzig,Germany,no,Bundesliga,2020/21,34,19,8,7,60,32,28,65,2,2,yes,
add600ae,Borussia Dortmund,Germany,no,Bundesliga,2020/21,34,20,4,10,75,46,29,64,3,3,yes,
4eaa11d7,VfL Wolfsburg,Germany,no,Bundesliga,2020/21,34,17,10,7,61,37,24,61,4,4,yes,
f0ac8ee6,Eintracht Frankfurt,Germany,no,Bundesliga,2020/21,34,16,12,6,69,53,16,60,5,5,yes,
c7a9f859,Bayer 04 Leverkusen,Germany,no,Bundesliga,2020/21,34,14,10,10,53,39,14,52,6,6,yes,
7a41008f,1.FC Union Berlin,Germany,no,Bundesliga,2020/21,34,12,14,8,50,43,7,50,7,7,yes,
32f3ee20,Borussia Mönchengladbach,Germany,no,Bundesliga,2020/21,34,13,10,11,64,56,8,49,8,8,yes,
598bc722,VfB Stuttgart,Germany,no,Bundesliga,2020/21,34,12,9,13,56,55,1,45,9,9,yes,
a486e511,SC Freiburg,Germany,no,Bundesliga,2020/21,34,12,9,13,52,52,0,45,10,10,yes,
033ea6b8,TSG 1899 Hoffenheim,Germany,no,Bundesliga,2020/21,34,11,10,13,52,54,-2,43,11,11,yes,
a224b06a,1.FSV Mainz 05,Germany,no,Bundesliga,2020/21,34,10,9,15,39,56,-17,39,12,12,yes,
0cdc4311,FC Augsburg,Germany,no,Bundesliga,2020/21,34,10,6,18,36,54,-18,36,13,13,yes,
2818f8bc,Hertha BSC,Germany,no,Bundesliga,2020/21,34,8,11,15,41,52,-11,35,14,14,yes,
247c4b67,Arminia Bielefeld,Germany,no,Bundesliga,2020/21,34,9,8,17,26,52,-26,35,15,15,yes,
bc357bf7,1.FC Köln,Germany,no,Bundesliga,2020/21,34,8,9,17,34,60,-26,33,16,16,yes,
62add3bf,SV Werder Bremen,Germany,no,Bundesliga,2020/21,34,7,10,17,36,57,-21,31,17,17,yes,
c539e393,FC Schalke 04,Germany,no,Bundesliga,2020/21,34,3,7,24,25,86,-61,16,18,18,yes,
054efa67,Bayern Munich,Germany,no,Bundesliga,2021/22,34,24,5,5,97,37,60,77,1,1,yes,
add600ae,Borussia Dortmund,Germany,no,Bundesliga,2021/22,34,22,3,9,85,52,33,69,2,2,yes,
c7a9f859,Bayer 04 Leverkusen,Germany,no,Bundesliga,2021/22,34,19,7,8,80,47,33,64,3,3,yes,
acbb6a5b,RB Leipzig,Germany,no,Bundesliga,2021/22,34,17,7,10,72,37,35,58,4,4,yes,
7a41008f,1.FC Union Berlin,Germany,no,Bundesliga,2021/22,34,16,9,9,50,44,6,57,5,5,yes,
a486e511,SC Freiburg,Germany,no,Bundesliga,2021/22,34,15,10,9,58,46,12,55,6,6,yes,
bc357bf7,1.FC Köln,Germany,no,Bundesliga,2021/22,34,14,10,10,52,49,3,52,7,7,yes,
a224b06a,1.FSV Mainz 05,Germany,no,Bundesliga,2021/22,34,13,7,14,50,45,5,46,8,8,yes,
033ea6b8,TSG 1899 Hoffenheim,Germany,no,Bundesliga,2021/22,34,13,7,14,58,60,-2,46,9,9,yes,
32f3ee20,Borussia Mönchengladbach,Germany,no,Bundesliga,2021/22,34,12,9,13,54,61,-7,45,10,10,yes,
f0ac8ee6,Eintracht Frankfurt,Germany,no,Bundesliga,2021/22,34,10,12,12,45,49,-4,42,11,11,yes,
4eaa11d7,VfL Wolfsburg,Germany,no,Bundesliga,2021/22,34,12,6,16,43,54,-11,42,12,12,yes,
b42c6323,VfL Bochum,Germany,no,Bundesliga,2021/22,34,12,6,16,38,52,-14,42,13,13,yes,
0cdc4311,FC Augsburg,Germany,no,Bundesliga,2021/22,34,10,8,16,39,56,-17,38,14,14,yes,
598bc722,VfB Stuttgart,Germany,no,Bundesliga,2021/22,34,7,12,15,41,59,-18,33,15,15,yes,
2818f8bc,Hertha BSC,Germany,no,Bundesliga,2021/22,34,9,6,19,37,71,-34,33,16,16,yes,
247c4b67,Arminia Bielefeld,Germany,no,Bundesliga,2021/22,34,5,13,16,27,53,-26,28,17,17,yes,
12192a4c,SpVgg Greuther Fürth,Germany,no,Bundesliga,2021/22,34,3,9,22,28,82,-54,18,18,18,yes,
054efa67,Bayern Munich,Germany,no,Bundesliga,2022/23,34,21,8,5,92,38,54,71,1,1,yes,
add600ae,Borussia Dortmund,Germany,no,Bundesliga,2022/23,34,22,5,7,83,44,39,71,2,2,yes,
acbb6a5b,RB Leipzig,Germany,no,Bundesliga,2022/23,34,20,6,8,64,41,23,66,3,3,yes,
7a41008f,1.FC Union Berlin,Germany,no,Bundesliga,2022/23,34,18,8,8,51,38,13,62,4,4,yes,
a486e511,SC Freiburg,Germany,no,Bundesliga,2022/23,34,17,8,9,51,44,7,59,5,5,yes,
c7a9f859,Bayer 04 Leverkusen,Germany,no,Bundesliga,2022/23,34,14,8,12,57,49,8,50,6,6,yes,
f0ac8ee6,Eintracht Frankfurt,Germany,no,Bundesliga,2022/23,34,13,11,10,58,52,6,50,7,7,yes,
4eaa11d7,VfL Wolfsburg,Germany,no,Bundesliga,2022/23,34,13,10,11,57,48,9,49,8,8,yes,
a224b06a,1.FSV Mainz 05,Germany,no,Bundesliga,2022/23,34,12,10,12,54,55,-1,46,9,9,yes,
32f3ee20,Borussia Mönchengladbach,Germany,no,Bundesliga,2022/23,34,11,10,13,52,55,-3,43,10,10,yes,
bc357bf7,1.FC Köln,Germany,no,Bundesliga,2022/23,34,10,12,12,49,54,-5,42,11,11,yes,
033ea6b8,TSG 1899 Hoffenheim,Germany,no,Bundesliga,2022/23,34,10,6,18,48,57,-9,36,12,12,yes,
62add3bf,SV Werder Bremen,Germany,no,Bundesliga,2022/23,34,10,6,18,51,64,-13,36,13,13,yes,
b42c6323,VfL Bochum,Germany,no,Bundesliga,2022/23,34,10,5,19,40,72,-32,35,14,14,yes,
0cdc4311,FC Augsburg,Germany,no,Bundesliga,2022/23,34,9,7,18,42,63,-21,34,15,15,yes,
598bc722,VfB Stuttgart,Germany,no,Bundesliga,2022/23,34,7,12,15,45,57,-12,33,16,16,yes,
c539e393,FC Schalke 04,Germany,no,Bundesliga,2022/23,34,7,10,17,35,71,-36,31,17,17,yes,
2818f8bc,Hertha BSC,Germany,no,Bundesliga,2022/23,34,7,8,19,42,69,-27,29,18,18,yes,
c7a9f859,Bayer 04 Leverkusen,Germany,no,Bundesliga,2023/24,34,28,6,0,89,24,65,90,1,1,yes,
598bc722,VfB Stuttgart,Germany,no,Bundesliga,2023/24,34,23,4,7,78,39,39,73,2,2,yes,
054efa67,Bayern Munich,Germany,no,Bundesliga,2023/24,34,23,3,8,94,45,49,72,3,3,yes,
acbb6a5b,RB Leipzig,Germany,no,Bundesliga,2023/24,34,19,8,7,77,39,38,65,4,4,yes,
add600ae,Borussia Dortmund,Germany,no,Bundesliga,2023/24,34,18,9,7,68,43,25,63,5,5,yes,
f0ac8ee6,Eintracht Frankfurt,Germany,no,Bundesliga,2023/24,34,11,14,9,51,50,1,47,6,6,yes,
033ea6b8,TSG 1899 Hoffenheim,Germany,no,Bundesliga,2023/24,34,13,7,14,66,66,0,46,7,7,yes,
18d9d2a7,1. Fußballclub Heidenheim 1846,Germany,no,Bundesliga,2023/24,34,10,12,12,50,55,-5,42,8,8,yes,
62add3bf,SV Werder Bremen,Germany,no,Bundesliga,2023/24,34,11,9,14,48,54,-6,42,9,9,yes,
a486e511,SC Freiburg,Germany,no,Bundesliga,2023/24,34,11,9,14,45,58,-13,42,10,10,yes,
0cdc4311,FC Augsburg,Germany,no,Bundesliga,2023/24,34,10,9,15,50,60,-10,39,11,11,yes,
4eaa11d7,VfL Wolfsburg,Germany,no,Bundesliga,2023/24,34,10,7,17,41,56,-15,37,12,12,yes,
a224b06a,1.FSV Mainz 05,Germany,no,Bundesliga,2023/24,34,7,14,13,39,51,-12,35,13,13,yes,
32f3ee20,Borussia Mönchengladbach,Germany,no,Bundesliga,2023/24,34,7,13,14,56,67,-11,34,14,14,yes,
7a41008f,1.FC Union Berlin,Germany,no,Bundesliga,2023/24,34,9,6,19,33,58,-25,33,15,15,yes,
b42c6323,VfL Bochum,Germany,no,Bundesliga,2023/24,34,7,12,15,42,74,-32,33,16,16,yes,
bc357bf7,1.FC Köln,Germany,no,Bundesliga,2023/24,34,5,12,17,28,60,-32,27,17,17,yes,
6a6967fc,SV Darmstadt 98,Germany,no,Bundesliga,2023/24,34,3,8,23,30,86,-56,17,18,18,yes,
e2d8892c,Paris Saint-Germain,France,no,Ligue 1,2017/18,38,29,6,3,108,29,79,93,1,1,yes,
fd6114db,AS Monaco,Monaco,no,Ligue 1,2017/18,38,24,8,6,85,45,40,80,2,2,yes,
d53c0b06,Olympique Lyon,France,no,Ligue 1,2017/18,38,23,9,6,87,43,44,78,3,3,yes,
5725cc7b,Olympique Marseille,France,no,Ligue 1,2017/18,38,22,11,5,80,47,33,77,4,4,yes,
b3072e00,Stade Rennais FC,France,no,Ligue 1,2017/18,38,16,10,12,50,44,6,58,5,5,yes,
123f3efe,FC Girondins Bordeaux,France,no,Ligue 1,2017/18,38,16,7,15,53,48,5,55,6,6,yes,
d298ef2c,AS Saint-Étienne,France,no,Ligue 1,2017/18,38,15,10,13,47,50,-3,55,7,7,yes,
132ebc33,OGC Nice,France,no,Ligue 1,2017/18,38,15,9,14,53,52,1,54,8,8,yes,
d7a486cd,FC Nantes,France,no,Ligue 1,2017/18,38,14,10,14,36,41,-5,52,9,9,yes,
281b0e73,Montpellier HSC,France,no,Ligue 1,2017/18,38,11,18,9,36,33,3,51,10,10,yes,
8dfb7350,Dijon FCO,France,no,Ligue 1,2017/18,38,13,9,16,55,73,-18,48,11,11,yes,
d41b5f53,EA Guingamp,France,no,Ligue 1,2017/18,38,12,11,15,48,59,-11,47,12,12,yes,
25622401,Amiens SC,France,no,Ligue 1,2017/18,38,12,9,17,37,42,-5,45,13,13,yes,
69236f98,Angers SCO,France,no,Ligue 1,2017/18,38,9,14,15,42,52,-10,41,14,14,yes,
c0d3eab4,RC Strasbourg Alsace,France,no,Ligue 1,2017/18,38,9,11,18,44,67,-23,38,15,15,yes,
74229020,SM Caen,France,no,Ligue 1,2017/18,38,10,8,20,27,52,-25,38,16,16,yes,
cb188c0c,LOSC Lille,France,no,Ligue 1,2017/18,38,10,8,20,41,67,-26,38,17,17,yes,
3f8c4b5f,FC Toulouse,France,no,Ligue 1,2017/18,38,9,10,19,38,54,-16,37,18,18,yes,
54195385,ESTAC Troyes,France,no,Ligue 1,2017/18,38,9,6,23,32,59,-27,33,19,19,yes,
f83960ae,FC Metz,France,no,Ligue 1,2017/18,38,6,8,24,34,76,-42,26,20,20,yes,
e2d8892c,Paris Saint-Germain,France,no,Ligue 1,2018/19,38,29,4,5,105,35,70,91,1,1,yes,
cb188c0c,LOSC Lille,France,no,Ligue 1,2018/19,38,22,9,7,68,33,35,75,2,2,yes,
d53c0b06,Olympique Lyon,France,no,Ligue 1,2018/19,38,21,9,8,70,47,23,72,3,3,yes,
d298ef2c,AS Saint-Étienne,France,no,Ligue 1,2018/19,38,19,9,10,59,41,18,66,4,4,yes,
5725cc7b,Olympique Marseille,France,no,Ligue 1,2018/19,38,18,7,13,60,52,8,61,5,5,yes,
281b0e73,Montpellier HSC,France,no,Ligue 1,2018/19,38,15,14,9,53,42,11,59,6,6,yes,
132ebc33,OGC Nice,France,no,Ligue 1,2018/19,38,15,11,12,30,35,-5,56,7,7,yes,
7fdd64e0,Stade Reims,France,no,Ligue 1,2018/19,38,13,16,9,39,42,-3,55,8,8,yes,
1cbf5f9e,Nîmes Olympique,France,no,Ligue 1,2018/19,38,15,8,15,57,58,-1,53,9,9,yes,
b3072e00,Stade Rennais FC,France,no,Ligue 1,2018/19,38,13,13,12,55,52,3,52,10,10,yes,
c0d3eab4,RC Strasbourg Alsace,France,no,Ligue 1,2018/19,38,11,16,11,58,48,10,49,11,11,yes,
d7a486cd,FC Nantes,France,no,Ligue 1,2018/19,38,13,9,16,48,48,0,48,12,12,yes,
69236f98,Angers SCO,France,no,Ligue 1,2018/19,38,10,16,12,44,49,-5,46,13,13,yes,
123f3efe,FC Girondins Bordeaux,France,no,Ligue 1,2018/19,38,10,11,17,34,42,-8,41,14,14,yes,
25622401,Amiens SC,France,no,Ligue 1,2018/19,38,9,11,18,31,52,-21,38,15,15,yes,
3f8c4b5f,FC Toulouse,France,no,Ligue 1,2018/19,38,8,14,16,35,57,-22,38,16,16,yes,
fd6114db,AS Monaco,Monaco,no,Ligue 1,2018/19,38,8,12,18,38,57,-19,36,17,17,yes,
8dfb7350,Dijon FCO,France,no,Ligue 1,2018/19,38,9,7,22,31,60,-29,34,18,18,yes,
74229020,SM Caen,France,no,Ligue 1,2018/19,38,7,12,19,29,54,-25,33,19,19,yes,
d41b5f53,EA Guingamp,France,no,Ligue 1,2018/19,38,5,12,21,28,68,-40,27,20,20,yes,
e2d8892c,Paris Saint-Germain,France,no,Ligue 1,2019/20,27,22,2,3,75,24,51,68,1,1,yes,
5725cc7b,Olympique Marseille,France,no,Ligue 1,2019/20,28,16,8,4,41,29,12,56,2,2,yes,
b3072e00,Stade Rennais FC,France,no,Ligue 1,2019/20,28,15,5,8,38,24,14,50,3,3,yes,
cb188c0c,LOSC Lille,France,no,Ligue 1,2019/20,28,15,4,9,35,27,8,49,4,4,yes,
7fdd64e0,Stade Reims,France,no,Ligue 1,2019/20,28,10,11,7,26,21,5,41,5,5,yes,
132ebc33,OGC Nice,France,no,Ligue 1,2019/20,28,11,8,9,41,38,3,41,6,6,yes,
d53c0b06,Olympique Lyon,France,no,Ligue 1,2019/20,28,11,7,10,42,27,15,40,7,7,yes,
281b0e73,Montpellier HSC,France,no,Ligue 1,2019/20,28,11,7,10,35,34,1,40,8,8,yes,
fd6114db,AS Monaco,Monaco,no,Ligue 1,2019/20,28,11,7,10,44,44,0,40,9,9,yes,
69236f98,Angers SCO,France,no,Ligue 1,2019/20,28,11,6,11,28,33,-5,39,10,10,yes,
c0d3eab4,RC Strasbourg Alsace,France,no,Ligue 1,2019/20,27,11,5,11,32,32,0,38,11,10,no,
123f3efe,FC Girondins Bordeaux,France,no,Ligue 1,2019/20,28,9,10,9,40,34,6,37,12,12,yes,
d7a486cd,FC Nantes,France,no,Ligue 1,2019/20,28,11,4,13,28,31,-3,37,13,13,yes,
fb08dbb3,Stade Brestois 29,France,no,Ligue 1,2019/20,28,8,10,10,34,37,-3,34,14,14,yes,
f83960ae,FC Metz,France,no,Ligue 1,2019/20,28,8,10,10,27,35,-8,34,15,15,yes,
8dfb7350,Dijon FCO,France,no,Ligue 1,2019/20,28,7,9,12,27,37,-10,30,16,16,yes,
d298ef2c,AS Saint-Étienne,France,no,Ligue 1,2019/20,28,8,6,14,29,45,-16,30,17,17,yes,
1cbf5f9e,Nîmes Olympique,France,no,Ligue 1,2019/20,28,7,6,15,29,44,-15,27,18,18,yes,
25622401,Amiens SC,France,no,Ligue 1,2019/20,28,4,11,13,31,50,-19,23,19,19,yes,
3f8c4b5f,FC Toulouse,France,no,Ligue 1,2019/20,28,3,4,21,22,58,-36,13,20,20,yes,
cb188c0c,LOSC Lille,France,no,Ligue 1,2020/21,38,24,11,3,64,23,41,83,1,1,yes,
e2d8892c,Paris Saint-Germain,France,no,Ligue 1,2020/21,38,26,4,8,86,28,58,82,2,2,yes,
fd6114db,AS Monaco,Monaco,no,Ligue 1,2020/21,38,24,6,8,76,42,34,78,3,3,yes,
d53c0b06,Olympique Lyon,France,no,Ligue 1,2020/21,38,22,10,6,81,43,38,76,4,4,yes,
5725cc7b,Olympique Marseille,France,no,Ligue 1,2020/21,38,16,12,10,54,47,7,60,5,5,yes,
b3072e00,Stade Rennais FC,France,no,Ligue 1,2020/21,38,16,10,12,52,40,12,58,6,6,yes,
fd4e0f7d,RC Lens,France,no,Ligue 1,2020/21,38,15,12,11,55,54,1,57,7,7,yes,
281b0e73,Montpellier HSC,France,no,Ligue 1,2020/21,38,14,12,12,60,62,-2,54,8,8,yes,
132ebc33,OGC Nice,France,no,Ligue 1,2020/21,38,15,7,16,50,53,-3,52,9,9,yes,
f83960ae,FC Metz,France,no,Ligue 1,2020/21,38,12,11,15,44,48,-4,47,10,10,yes,
d298ef2c,AS Saint-Étienne,France,no,Ligue 1,2020/21,38,12,10,16,42,54,-12,46,11,11,yes,
123f3efe,FC Girondins Bordeaux,France,no,Ligue 1,2020/21,38,13,6,19,42,56,-14,45,12,12,yes,
69236f98,Angers SCO,France,no,Ligue 1,2020/21,38,12,8,18,40,58,-18,44,13,13,yes,
7fdd64e0,Stade Reims,France,no,Ligue 1,2020/21,38,9,15,14,42,50,-8,42,14,14,yes,
c0d3eab4,RC Strasbourg Alsace,France,no,Ligue 1,2020/21,38,11,9,18,49,58,-9,42,15,15,yes,
d2c87802,FC Lorient,France,no,Ligue 1,2020/21,38,11,9,18,50,68,-18,42,16,16,yes,
fb08dbb3,Stade Brestois 29,France,no,Ligue 1,2020/21,38,11,8,19,50,66,-16,41,17,17,yes,
d7a486cd,FC Nantes,France,no,Ligue 1,2020/21,38,9,13,16,47,55,-8,40,18,18,yes,
1cbf5f9e,Nîmes Olympique,France,no,Ligue 1,2020/21,38,9,8,21,40,71,-31,35,19,19,yes,
8dfb7350,Dijon FCO,France,no,Ligue 1,2020/21,38,4,9,25,25,73,-48,21,20,20,yes,
e2d8892c,Paris Saint-Germain,France,no,Ligue 1,2021/22,38,26,8,4,90,36,54,86,1,1,yes,
5725cc7b,Olympique Marseille,France,no,Ligue 1,2021/22,38,21,8,9,63,38,25,71,2,2,yes,
fd6114db,AS Monaco,Monaco,no,Ligue 1,2021/22,38,20,9,9,65,40,25,69,3,3,yes,
132ebc33,OGC Nice,France,no,Ligue 1,2021/22,38,20,7,11,52,36,16,67,4,5,no,
b3072e00,Stade Rennais FC,France,no,Ligue 1,2021/22,38,20,6,12,82,40,42,66,5,4,no,
c0d3eab4,RC Strasbourg Alsace,France,no,Ligue 1,2021/22,38,17,12,9,60,43,17,63,6,6,yes,
d53c0b06,Olympique Lyon,France,no,Ligue 1,2021/22,38,17,11,10,66,51,15,62,7,8,no,
fd4e0f7d,RC Lens,France,no,Ligue 1,2021/22,38,17,11,10,62,48,14,62,8,7,no,
d7a486cd,FC Nantes,France,no,Ligue 1,2021/22,38,15,10,13,55,48,7,55,9,9,yes,
cb188c0c,LOSC Lille,France,no,Ligue 1,2021/22,38,14,13,11,48,48,0,55,10,10,yes,
fb08dbb3,Stade Brestois 29,France,no,Ligue 1,2021/22,38,13,9,16,49,57,-8,48,11,11,yes,
7fdd64e0,Stade Reims,France,no,Ligue 1,2021/22,38,11,13,14,43,44,-1,46,12,12,yes,
281b0e73,Montpellier HSC,France,no,Ligue 1,2021/22,38,12,7,19,49,61,-12,43,13,13,yes,
69236f98,Angers SCO,France,no,Ligue 1,2021/22,38,10,11,17,44,55,-11,41,14,14,yes,
54195385,ESTAC Troyes,France,no,Ligue 1,2021/22,38,9,11,18,37,53,-16,38,15,15,yes,
d2c87802,FC Lorient,France,no,Ligue 1,2021/22,38,8,12,18,35,63,-28,36,16,16,yes,
d9676424,Clermont Foot 63,France,no,Ligue 1,2021/22,38,9,9,20,38,69,-31,36,17,17,yes,
d298ef2c,AS Saint-Étienne,France,no,Ligue 1,2021/22,38,7,11,20,42,77,-35,32,18,18,yes,
f83960ae,FC Metz,France,no,Ligue 1,2021/22,38,6,13,19,35,69,-34,31,19,19,yes,
123f3efe,FC Girondins Bordeaux,France,no,Ligue 1,2021/22,38,6,13,19,52,91,-39,31,20,20,yes,
e2d8892c,Paris Saint-Germain,France,no,Ligue 1,2022/23,38,27,4,7,89,40,49,85,1,1,yes,
fd4e0f7d,RC Lens,France,no,Ligue 1,2022/23,38,25,9,4,68,29,39,84,2,2,yes,
5725cc7b,Olympique Marseille,France,no,Ligue 1,2022/23,38,22,7,9,67,40,27,73,3,3,yes,
b3072e00,Stade Rennais FC,France,no,Ligue 1,2022/23,38,21,5,12,69,39,30,68,4,4,yes,
cb188c0c,LOSC Lille,France,no,Ligue 1,2022/23,38,19,10,9,65,44,21,67,5,5,yes,
fd6114db,AS Monaco,Monaco,no,Ligue 1,2022/23,38,19,8,11,70,58,12,65,6,6,yes,
d53c0b06,Olympique Lyon,France,no,Ligue 1,2022/23,38,18,8,12,65,47,18,62,7,7,yes,
d9676424,Clermont Foot 63,France,no,Ligue 1,2022/23,38,17,8,13,45,49,-4,59,8,8,yes,
132ebc33,OGC Nice,France,no,Ligue 1,2022/23,38,15,13,10,48,37,11,58,9,9,yes,
d2c87802,FC Lorient,France,no,Ligue 1,2022/23,38,15,10,13,52,53,-1,55,10,10,yes,
7fdd64e0,Stade Reims,France,no,Ligue 1,2022/23,38,12,15,11,45,45,0,51,11,11,yes,
281b0e73,Montpellier HSC,France,no,Ligue 1,2022/23,38,15,5,18,65,62,3,50,12,12,yes,
3f8c4b5f,FC Toulouse,France,no,Ligue 1,2022/23,38,13,9,16,51,57,-6,48,13,13,yes,
fb08dbb3,Stade Brestois 29,France,no,Ligue 1,2022/23,38,11,11,16,44,54,-10,44,14,14,yes,
c0d3eab4,RC Strasbourg Alsace,France,no,Ligue 1,2022/23,38,9,13,16,51,59,-8,40,15,15,yes,
d7a486cd,FC Nantes,France,no,Ligue 1,2022/23,38,7,15,16,37,55,-18,36,16,16,yes,
5ae09109,AJ Auxerre,France,no,Ligue 1,2022/23,38,8,11,19,35,63,-28,35,17,17,yes,
7a54bb4f,AC Ajaccio,France,no,Ligue 1,2022/23,38,7,5,26,23,74,-51,26,18,18,yes,
54195385,ESTAC Troyes,France,no,Ligue 1,2022/23,38,4,12,22,45,81,-36,24,19,19,yes,
69236f98,Angers SCO,France,no,Ligue 1,2022/23,38,4,6,28,33,81,-48,18,20,20,yes,
e2d8892c,Paris Saint-Germain,France,no,Ligue 1,2023/24,34,22,10,2,81,33,48,76,1,1,yes,
fd6114db,AS Monaco,Monaco,no,Ligue 1,2023/24,34,20,7,7,68,42,26,67,2,2,yes,
fb08dbb3,Stade Brestois 29,France,no,Ligue 1,2023/24,34,17,10,7,53,34,19,61,3,3,yes,
cb188c0c,LOSC Lille,France,no,Ligue 1,2023/24,34,16,11,7,52,34,18,59,4,4,yes,
132ebc33,OGC Nice,France,no,Ligue 1,2023/24,34,15,10,9,40,29,11,55,5,5,yes,
d53c0b06,Olympique Lyon,France,no,Ligue 1,2023/24,34,16,5,13,49,55,-6,53,6,6,yes,
fd4e0f7d,RC Lens,France,no,Ligue 1,2023/24,34,14,9,11,45,37,8,51,7,7,yes,
5725cc7b,Olympique Marseille,France,no,Ligue 1,2023/24,34,13,11,10,52,41,11,50,8,8,yes,
7fdd64e0,Stade Reims,France,no,Ligue 1,2023/24,34,13,8,13,42,47,-5,47,9,9,yes,
b3072e00,Stade Rennais FC,France,no,Ligue 1,2023/24,34,12,10,12,53,46,7,46,10,10,yes,
3f8c4b5f,FC Toulouse,France,no,Ligue 1,2023/24,34,11,10,13,42,46,-4,43,11,11,yes,
281b0e73,Montpellier HSC,France,no,Ligue 1,2023/24,34,10,12,12,43,48,-5,42,12,12,yes,
c0d3eab4,RC Strasbourg Alsace,France,no,Ligue 1,2023/24,34,10,9,15,38,50,-12,39,13,13,yes,
d7a486cd,FC Nantes,France,no,Ligue 1,2023/24,34,9,6,19,30,55,-25,33,14,14,yes,
5c2737db,Le Havre AC,France,no,Ligue 1,2023/24,34,7,11,16,34,45,-11,32,15,15,yes,
d2c87802,FC Lorient,France,no,Ligue 1,2023/24,34,7,8,19,43,66,-23,29,16,17,no,
f83960ae,FC Metz,France,no,Ligue 1,2023/24,34,8,5,21,35,58,-23,29,17,16,no,
d9676424,Clermont Foot 63,France,no,Ligue 1,2023/24,34,5,10,19,26,60,-34,25,18,18,yes,
