fbref_team_id,club_name,transfermarkt_club_id,country,country_source,league,leagues_in_window,seasons_in_window,city,city_source,wikidata_qid,crest_url,needs_manual_review,notes
4ba7cbea,AFC Bournemouth,989,England,league country (transfermarkt-datasets competitions),Premier League,Premier League,5,Bournemouth,wikidata P159 headquarters (a settlement),Q19568,https://tmssl.akamaized.net/images/wappen/head/989.png,no,
18bb7c10,Arsenal FC,11,England,league country (transfermarkt-datasets competitions),Premier League,Premier League,7,London,wikidata P159 headquarters (a settlement),Q9617,https://tmssl.akamaized.net/images/wappen/head/11.png,no,
8602292d,Aston Villa,405,England,league country (transfermarkt-datasets competitions),Premier League,Premier League,5,Birmingham,wikidata P159 -> P131 (headquarters is not a settlement),Q18711,https://tmssl.akamaized.net/images/wappen/head/405.png,no,"headquarters is 'Aston' (suburb); city accepted by Tyler on 2026-09-12: Aston is a district of Birmingham, so Birmingham is right"
cd051869,Brentford FC,1148,England,league country (transfermarkt-datasets competitions),Premier League,Premier League,3,London,wikidata P159 headquarters (a settlement),Q19571,https://tmssl.akamaized.net/images/wappen/head/1148.png,no,
d07537b9,Brighton & Hove Albion,1237,England,league country (transfermarkt-datasets competitions),Premier League,Premier League,7,Brighton and Hove,wikidata P159 headquarters (a settlement),Q19453,https://tmssl.akamaized.net/images/wappen/head/1237.png,no,
943e8050,Burnley FC,1132,England,league country (transfermarkt-datasets competitions),Premier League,Premier League,6,Burnley,wikidata P159 headquarters (a settlement),Q19458,https://tmssl.akamaized.net/images/wappen/head/1132.png,no,
cff3d9bb,Chelsea FC,631,England,league country (transfermarkt-datasets competitions),Premier League,Premier League,7,London,wikidata P159 headquarters (a settlement),Q9616,https://tmssl.akamaized.net/images/wappen/head/631.png,no,
47c64c55,Crystal Palace,873,England,league country (transfermarkt-datasets competitions),Premier League,Premier League,7,London,wikidata P159 headquarters (a settlement),Q19467,https://tmssl.akamaized.net/images/wappen/head/873.png,no,
d3fd31cc,Everton FC,29,England,league country (transfermarkt-datasets competitions),Premier League,Premier League,7,Liverpool,wikidata P159 headquarters (a settlement),Q5794,https://tmssl.akamaized.net/images/wappen/head/29.png,no,
fd962109,Fulham FC,931,England,league country (transfermarkt-datasets competitions),Premier League,Premier League,4,London,wikidata P159 headquarters (a settlement),Q18708,https://tmssl.akamaized.net/images/wappen/head/931.png,no,
f5922ca5,Huddersfield Town,1110,England,league country (transfermarkt-datasets competitions),Premier League,Premier League,2,Huddersfield,wikidata P159 headquarters (a settlement),Q19473,https://tmssl.akamaized.net/images/wappen/head/1110.png,no,
5bfb9659,Leeds United,399,England,league country (transfermarkt-datasets competitions),Premier League,Premier League,3,Leeds,wikidata P159 headquarters (a settlement),Q1128631,https://tmssl.akamaized.net/images/wappen/head/399.png,no,
a2d435b3,Leicester City,1003,England,league country (transfermarkt-datasets competitions),Premier League,Premier League,6,Leicester,wikidata P159 headquarters (a settlement),Q19481,https://tmssl.akamaized.net/images/wappen/head/1003.png,no,
822bd0ba,Liverpool FC,31,England,league country (transfermarkt-datasets competitions),Premier League,Premier League,7,Liverpool,wikidata P159 headquarters (a settlement),Q1130849,https://tmssl.akamaized.net/images/wappen/head/31.png,no,
e297cd13,Luton Town,1031,England,league country (transfermarkt-datasets competitions),Premier League,Premier League,1,Luton,wikidata P159 headquarters (a settlement),Q18520,https://tmssl.akamaized.net/images/wappen/head/1031.png,no,
b8fd03ef,Manchester City,281,England,league country (transfermarkt-datasets competitions),Premier League,Premier League,7,Manchester,wikidata P159 headquarters (a settlement),Q50602,https://tmssl.akamaized.net/images/wappen/head/281.png,no,
19538871,Manchester United,985,England,league country (transfermarkt-datasets competitions),Premier League,Premier League,7,Manchester,wikidata P159 headquarters (a settlement),Q18656,https://tmssl.akamaized.net/images/wappen/head/985.png,no,
b2b47a98,Newcastle United,762,England,league country (transfermarkt-datasets competitions),Premier League,Premier League,7,Newcastle upon Tyne,wikidata P159 headquarters (a settlement),Q18716,https://tmssl.akamaized.net/images/wappen/head/762.png,no,
1c781004,Norwich City,1123,England,league country (transfermarkt-datasets competitions),Premier League,Premier League,2,Norwich,wikidata P159 headquarters (a settlement),Q18721,https://tmssl.akamaized.net/images/wappen/head/1123.png,no,
e4a775cb,Nottingham Forest,703,England,league country (transfermarkt-datasets competitions),Premier League,Premier League,2,Nottingham,manual override,Q19490,https://tmssl.akamaized.net/images/wappen/head/703.png,no,"city overridden from 'West Bridgford' by Tyler on 2026-09-12: the City Ground is just outside the city boundary, in West Bridgford"
1df6b87e,Sheffield United,350,England,league country (transfermarkt-datasets competitions),Premier League,Premier League,3,Sheffield,wikidata P159 headquarters (a settlement),Q19607,https://tmssl.akamaized.net/images/wappen/head/350.png,no,
33c895d4,Southampton FC,180,England,league country (transfermarkt-datasets competitions),Premier League,Premier League,6,Southampton,wikidata P159 headquarters (a settlement),Q18732,https://tmssl.akamaized.net/images/wappen/head/180.png,no,
17892952,Stoke City,512,England,league country (transfermarkt-datasets competitions),Premier League,Premier League,1,Stoke-on-Trent,wikidata P159 headquarters (a settlement),Q18736,https://tmssl.akamaized.net/images/wappen/head/512.png,no,
361ca564,Tottenham Hotspur,148,England,league country (transfermarkt-datasets competitions),Premier League,Premier League,7,London,manual override,Q18741,https://tmssl.akamaized.net/images/wappen/head/148.png,no,city overridden from 'London Borough of Haringey' by Tyler on 2026-09-12: borough-level value; London for consistency with the other London clubs
2abfe087,Watford FC,1010,England,league country (transfermarkt-datasets competitions),Premier League,Premier League,4,Watford,wikidata P159 headquarters (a settlement),Q2714,https://tmssl.akamaized.net/images/wappen/head/1010.png,no,
60c6b05f,West Bromwich Albion,984,England,league country (transfermarkt-datasets competitions),Premier League,Premier League,2,West Bromwich,wikidata P159 headquarters (a settlement),Q18744,https://tmssl.akamaized.net/images/wappen/head/984.png,no,
7c21e445,West Ham United,379,England,league country (transfermarkt-datasets competitions),Premier League,Premier League,7,London,manual override,Q18747,https://tmssl.akamaized.net/images/wappen/head/379.png,no,city overridden from 'London Borough of Newham' by Tyler on 2026-09-12: borough-level value; London for consistency with the other London clubs
8cec06e1,Wolverhampton Wanderers,543,England,league country (transfermarkt-datasets competitions),Premier League,Premier League,6,Wolverhampton,wikidata P159 headquarters (a settlement),Q19500,https://tmssl.akamaized.net/images/wappen/head/543.png,no,
7a54bb4f,AC Ajaccio,1147,France,league country (transfermarkt-datasets competitions),Ligue 1,Ligue 1,1,Ajaccio,wikidata P159 headquarters (a settlement),Q270051,https://tmssl.akamaized.net/images/wappen/head/1147.png,no,
5ae09109,AJ Auxerre,290,France,league country (transfermarkt-datasets competitions),Ligue 1,Ligue 1,1,Auxerre,wikidata P159 headquarters (a settlement),Q182876,https://tmssl.akamaized.net/images/wappen/head/290.png,no,
d298ef2c,AS Saint-Étienne,618,France,league country (transfermarkt-datasets competitions),Ligue 1,Ligue 1,5,Saint-Étienne,manual override,Q19521,https://tmssl.akamaized.net/images/wappen/head/618.png,no,"headquarters is 'Centre de l'Étrat' (association football training venue); city overridden from 'L'Étrat' by Tyler on 2026-09-12: Wikidata's headquarters is the club's training ground, not its city"
25622401,Amiens SC,1416,France,league country (transfermarkt-datasets competitions),Ligue 1,Ligue 1,3,Amiens,wikidata P159 headquarters (a settlement),Q866884,https://tmssl.akamaized.net/images/wappen/head/1416.png,no,
69236f98,Angers SCO,1420,France,league country (transfermarkt-datasets competitions),Ligue 1,Ligue 1,6,Angers,wikidata P159 headquarters (a settlement),Q845137,https://tmssl.akamaized.net/images/wappen/head/1420.png,no,
d9676424,Clermont Foot 63,3524,France,league country (transfermarkt-datasets competitions),Ligue 1,Ligue 1,3,Clermont-Ferrand,wikidata P159 headquarters (a settlement),Q870182,https://tmssl.akamaized.net/images/wappen/head/3524.png,no,
8dfb7350,Dijon FCO,2969,France,league country (transfermarkt-datasets competitions),Ligue 1,Ligue 1,4,Dijon,wikidata P159 headquarters (a settlement),Q503317,https://tmssl.akamaized.net/images/wappen/head/2969.png,no,
d41b5f53,EA Guingamp,855,France,league country (transfermarkt-datasets competitions),Ligue 1,Ligue 1,2,Guingamp,wikidata P159 headquarters (a settlement),Q459148,https://tmssl.akamaized.net/images/wappen/head/855.png,no,
54195385,ESTAC Troyes,1095,France,league country (transfermarkt-datasets competitions),Ligue 1,Ligue 1,3,Troyes,wikidata P159 headquarters (a settlement),Q501693,https://tmssl.akamaized.net/images/wappen/head/1095.png,no,
123f3efe,FC Girondins Bordeaux,40,France,league country (transfermarkt-datasets competitions),Ligue 1,Ligue 1,5,Bordeaux,manual override,Q172476,https://tmssl.akamaized.net/images/wappen/head/40.png,no,"city overridden from 'Le Haillan' by Tyler on 2026-09-12: Wikidata's headquarters is the club's training ground, not its city"
d2c87802,FC Lorient,1158,France,league country (transfermarkt-datasets competitions),Ligue 1,Ligue 1,4,Lorient,wikidata P159 headquarters (a settlement),Q48911,https://tmssl.akamaized.net/images/wappen/head/1158.png,no,
f83960ae,FC Metz,347,France,league country (transfermarkt-datasets competitions),Ligue 1,Ligue 1,5,Metz,wikidata P159 headquarters (a settlement),Q221525,https://tmssl.akamaized.net/images/wappen/head/347.png,no,
d7a486cd,FC Nantes,995,France,league country (transfermarkt-datasets competitions),Ligue 1,Ligue 1,7,Nantes,manual override,Q192071,https://tmssl.akamaized.net/images/wappen/head/995.png,no,"headquarters is 'Q2946059' (association football training venue; sports venue); city overridden from 'La Chapelle-sur-Erdre' by Tyler on 2026-09-12: Wikidata's headquarters is the club's training ground, not its city"
3f8c4b5f,FC Toulouse,415,France,league country (transfermarkt-datasets competitions),Ligue 1,Ligue 1,5,Toulouse,wikidata P159 headquarters (a settlement),Q19518,https://tmssl.akamaized.net/images/wappen/head/415.png,no,
cb188c0c,LOSC Lille,1082,France,league country (transfermarkt-datasets competitions),Ligue 1,Ligue 1,7,Lille,manual override,Q19516,https://tmssl.akamaized.net/images/wappen/head/1082.png,no,"headquarters is 'Q3034480' (association football training venue; sports venue); city overridden from 'Camphin-en-Pévèle' by Tyler on 2026-09-12: Wikidata's headquarters is the club's training ground, not its city"
5c2737db,Le Havre AC,738,France,league country (transfermarkt-datasets competitions),Ligue 1,Ligue 1,1,Le Havre,wikidata P159 headquarters (a settlement),Q328658,https://tmssl.akamaized.net/images/wappen/head/738.png,no,
281b0e73,Montpellier HSC,969,France,league country (transfermarkt-datasets competitions),Ligue 1,Ligue 1,7,Montpellier,wikidata P159 -> P131 (headquarters is not a settlement),Q19513,https://tmssl.akamaized.net/images/wappen/head/969.png,no,headquarters is 'Domaine de Grammont' (château); city accepted by Tyler on 2026-09-12: headquarters is a château in Montpellier; the city is right
1cbf5f9e,Nîmes Olympique,1160,France,league country (transfermarkt-datasets competitions),Ligue 1,Ligue 1,3,Nîmes,wikidata P159 headquarters (a settlement),Q730809,https://tmssl.akamaized.net/images/wappen/head/1160.png,no,
132ebc33,OGC Nice,417,France,league country (transfermarkt-datasets competitions),Ligue 1,Ligue 1,7,Nice,wikidata P159 headquarters (a settlement),Q185163,https://tmssl.akamaized.net/images/wappen/head/417.png,no,
d53c0b06,Olympique Lyon,1041,France,league country (transfermarkt-datasets competitions),Ligue 1,Ligue 1,7,Lyon,manual override,Q704,https://tmssl.akamaized.net/images/wappen/head/1041.png,no,"headquarters is 'Q124014090' (facility); city overridden from 'Décines-Charpieu' by Tyler on 2026-09-12: derived value was the stadium's commune, Décines-Charpieu"
5725cc7b,Olympique Marseille,244,France,league country (transfermarkt-datasets competitions),Ligue 1,Ligue 1,7,Marseille,wikidata P159 headquarters (a settlement),Q132885,https://tmssl.akamaized.net/images/wappen/head/244.png,no,"city accepted by Tyler on 2026-09-12: derived value was a training-centre name, not a place"
e2d8892c,Paris Saint-Germain,583,France,league country (transfermarkt-datasets competitions),Ligue 1,Ligue 1,7,Paris,wikidata P159 headquarters (a settlement),Q483020,https://tmssl.akamaized.net/images/wappen/head/583.png,no,
fd4e0f7d,RC Lens,826,France,league country (transfermarkt-datasets competitions),Ligue 1,Ligue 1,4,Lens,manual override,Q191843,https://tmssl.akamaized.net/images/wappen/head/826.png,no,"city overridden from 'Avion' by Tyler on 2026-09-12: Wikidata's headquarters is the club's training ground, not its city"
c0d3eab4,RC Strasbourg Alsace,667,France,league country (transfermarkt-datasets competitions),Ligue 1,Ligue 1,7,Strasbourg,wikidata P159 headquarters (a settlement),Q126334,https://tmssl.akamaized.net/images/wappen/head/667.png,no,
74229020,SM Caen,1162,France,league country (transfermarkt-datasets competitions),Ligue 1,Ligue 1,2,Caen,wikidata P159 headquarters (a settlement),Q193377,https://tmssl.akamaized.net/images/wappen/head/1162.png,no,
fb08dbb3,Stade Brestois 29,3911,France,league country (transfermarkt-datasets competitions),Ligue 1,Ligue 1,5,Brest,wikidata P159 headquarters (a settlement),Q218372,https://tmssl.akamaized.net/images/wappen/head/3911.png,no,
7fdd64e0,Stade Reims,1421,France,league country (transfermarkt-datasets competitions),Ligue 1,Ligue 1,6,Reims,manual override,Q208228,https://tmssl.akamaized.net/images/wappen/head/1421.png,no,"headquarters is 'Q105616570' (association football training venue; sports venue); city overridden from 'Bétheny' by Tyler on 2026-09-12: Wikidata's headquarters is the club's training ground, not its city"
b3072e00,Stade Rennais FC,273,France,league country (transfermarkt-datasets competitions),Ligue 1,Ligue 1,7,Rennes,wikidata P159 -> P131 (headquarters is not a settlement),Q19509,https://tmssl.akamaized.net/images/wappen/head/273.png,no,"headquarters is 'Centre d'entraînement Henri-Guérin' (association football training venue; sports venue); city accepted by Tyler on 2026-09-12: headquarters is a training centre, but it resolved to Rennes, which is right"
18d9d2a7,1. Fußballclub Heidenheim 1846,2036,Germany,league country (transfermarkt-datasets competitions),Bundesliga,Bundesliga,1,Heidenheim an der Brenz,wikidata P159 headquarters (a settlement),Q162251,https://tmssl.akamaized.net/images/wappen/head/2036.png,no,
bc357bf7,1.FC Köln,3,Germany,league country (transfermarkt-datasets competitions),Bundesliga,Bundesliga,6,Cologne,wikidata P159 headquarters (a settlement),Q104770,https://tmssl.akamaized.net/images/wappen/head/3.png,no,
6f2c108c,1.FC Nuremberg,4,Germany,league country (transfermarkt-datasets competitions),Bundesliga,Bundesliga,1,Nuremberg,wikidata P159 headquarters (a settlement),Q15786,https://tmssl.akamaized.net/images/wappen/head/4.png,no,
7a41008f,1.FC Union Berlin,89,Germany,league country (transfermarkt-datasets competitions),Bundesliga,Bundesliga,5,Berlin,wikidata P159 headquarters (a settlement),Q141971,https://tmssl.akamaized.net/images/wappen/head/89.png,no,
a224b06a,1.FSV Mainz 05,39,Germany,league country (transfermarkt-datasets competitions),Bundesliga,Bundesliga,7,Mainz,wikidata P159 headquarters (a settlement),Q105254,https://tmssl.akamaized.net/images/wappen/head/39.png,no,
247c4b67,Arminia Bielefeld,10,Germany,league country (transfermarkt-datasets competitions),Bundesliga,Bundesliga,2,Bielefeld,wikidata P159 headquarters (a settlement),Q105844,https://tmssl.akamaized.net/images/wappen/head/10.png,no,
c7a9f859,Bayer 04 Leverkusen,15,Germany,league country (transfermarkt-datasets competitions),Bundesliga,Bundesliga,7,Leverkusen,wikidata P159 headquarters (a settlement),Q104761,https://tmssl.akamaized.net/images/wappen/head/15.png,no,
054efa67,Bayern Munich,27,Germany,league country (transfermarkt-datasets competitions),Bundesliga,Bundesliga,7,Munich,wikidata P159 headquarters (a settlement),Q15789,https://tmssl.akamaized.net/images/wappen/head/27.png,no,
add600ae,Borussia Dortmund,16,Germany,league country (transfermarkt-datasets competitions),Bundesliga,Bundesliga,7,Dortmund,wikidata P159 headquarters (a settlement),Q41420,https://tmssl.akamaized.net/images/wappen/head/16.png,no,
32f3ee20,Borussia Mönchengladbach,18,Germany,league country (transfermarkt-datasets competitions),Bundesliga,Bundesliga,7,Mönchengladbach,wikidata P159 headquarters (a settlement),Q101959,https://tmssl.akamaized.net/images/wappen/head/18.png,no,
f0ac8ee6,Eintracht Frankfurt,24,Germany,league country (transfermarkt-datasets competitions),Bundesliga,Bundesliga,7,Frankfurt,wikidata P159 headquarters (a settlement),Q38245,https://tmssl.akamaized.net/images/wappen/head/24.png,no,
0cdc4311,FC Augsburg,167,Germany,league country (transfermarkt-datasets competitions),Bundesliga,Bundesliga,7,Augsburg,wikidata P115 stadium -> P131 city,Q97905916,https://tmssl.akamaized.net/images/wappen/head/167.png,no,"no headquarters set; city accepted by Tyler on 2026-09-12: no headquarters on Wikidata; the stadium's city, Augsburg, is right"
c539e393,FC Schalke 04,33,Germany,league country (transfermarkt-datasets competitions),Bundesliga,Bundesliga,5,Gelsenkirchen,wikidata P159 headquarters (a settlement),Q32494,https://tmssl.akamaized.net/images/wappen/head/33.png,no,
b1278397,Fortuna Düsseldorf,38,Germany,league country (transfermarkt-datasets competitions),Bundesliga,Bundesliga,2,Düsseldorf,wikidata P159 headquarters (a settlement),Q151747,https://tmssl.akamaized.net/images/wappen/head/38.png,no,
26790c6a,Hamburger SV,41,Germany,league country (transfermarkt-datasets competitions),Bundesliga,Bundesliga,1,Hamburg,wikidata P159 headquarters (a settlement),Q51974,https://tmssl.akamaized.net/images/wappen/head/41.png,no,
60b5e41f,Hannover 96,42,Germany,league country (transfermarkt-datasets competitions),Bundesliga,Bundesliga,2,Hanover,wikidata P159 headquarters (a settlement),Q33748,https://tmssl.akamaized.net/images/wappen/head/42.png,no,
2818f8bc,Hertha BSC,44,Germany,league country (transfermarkt-datasets competitions),Bundesliga,Bundesliga,6,Berlin,wikidata P159 headquarters (a settlement),Q102720,https://tmssl.akamaized.net/images/wappen/head/44.png,no,
acbb6a5b,RB Leipzig,23826,Germany,league country (transfermarkt-datasets competitions),Bundesliga,Bundesliga,7,Leipzig,wikidata P159 headquarters (a settlement),Q702455,https://tmssl.akamaized.net/images/wappen/head/23826.png,no,
a486e511,SC Freiburg,60,Germany,league country (transfermarkt-datasets competitions),Bundesliga,Bundesliga,7,Freiburg im Breisgau,wikidata P159 headquarters (a settlement),Q106394,https://tmssl.akamaized.net/images/wappen/head/60.png,no,
d9f93f02,SC Paderborn 07,127,Germany,league country (transfermarkt-datasets competitions),Bundesliga,Bundesliga,1,Paderborn,wikidata P159 headquarters (a settlement),Q160532,https://tmssl.akamaized.net/images/wappen/head/127.png,no,
6a6967fc,SV Darmstadt 98,105,Germany,league country (transfermarkt-datasets competitions),Bundesliga,Bundesliga,1,Darmstadt,wikidata P159 headquarters (a settlement),Q479351,https://tmssl.akamaized.net/images/wappen/head/105.png,no,
62add3bf,SV Werder Bremen,86,Germany,league country (transfermarkt-datasets competitions),Bundesliga,Bundesliga,6,Bremen,wikidata P159 headquarters (a settlement),Q51976,https://tmssl.akamaized.net/images/wappen/head/86.png,no,
12192a4c,SpVgg Greuther Fürth,65,Germany,league country (transfermarkt-datasets competitions),Bundesliga,Bundesliga,1,Fürth,manual override,Q153539,https://tmssl.akamaized.net/images/wappen/head/65.png,no,"city overridden from 'Furth im Wald' by Tyler on 2026-09-12: derived value was Furth im Wald, a different town about 200km away"
033ea6b8,TSG 1899 Hoffenheim,533,Germany,league country (transfermarkt-datasets competitions),Bundesliga,Bundesliga,7,Sinsheim,wikidata P159 headquarters (a settlement),Q22707,https://tmssl.akamaized.net/images/wappen/head/533.png,no,
598bc722,VfB Stuttgart,79,Germany,league country (transfermarkt-datasets competitions),Bundesliga,Bundesliga,6,Stuttgart,wikidata P159 headquarters (a settlement),Q4512,https://tmssl.akamaized.net/images/wappen/head/79.png,no,
b42c6323,VfL Bochum,80,Germany,league country (transfermarkt-datasets competitions),Bundesliga,Bundesliga,3,Bochum,wikidata P159 headquarters (a settlement),Q105861,https://tmssl.akamaized.net/images/wappen/head/80.png,no,
4eaa11d7,VfL Wolfsburg,82,Germany,league country (transfermarkt-datasets competitions),Bundesliga,Bundesliga,7,Wolfsburg,wikidata P159 headquarters (a settlement),Q101859,https://tmssl.akamaized.net/images/wappen/head/82.png,no,
dc56fe14,AC Milan,5,Italy,league country (transfermarkt-datasets competitions),Serie A,Serie A,7,Milan,wikidata P159 headquarters (a settlement),Q1543,https://tmssl.akamaized.net/images/wappen/head/5.png,no,
21680aa4,AC Monza,2919,Italy,league country (transfermarkt-datasets competitions),Serie A,Serie A,2,Monza,wikidata P159 headquarters (a settlement),Q289482,https://tmssl.akamaized.net/images/wappen/head/2919.png,no,
421387cf,ACF Fiorentina,430,Italy,league country (transfermarkt-datasets competitions),Serie A,Serie A,7,Florence,wikidata P159 headquarters (a settlement),Q2052,https://tmssl.akamaized.net/images/wappen/head/430.png,no,
cf74a709,Associazione Sportiva Roma,12,Italy,league country (transfermarkt-datasets competitions),Serie A,Serie A,7,Rome,wikidata P159 headquarters (a settlement),Q2739,https://tmssl.akamaized.net/images/wappen/head/12.png,no,
922493f3,Atalanta BC,800,Italy,league country (transfermarkt-datasets competitions),Serie A,Serie A,7,Bergamo,wikidata P159 headquarters (a settlement),Q1886,https://tmssl.akamaized.net/images/wappen/head/800.png,no,
4fcb34fd,Benevento Calcio,4171,Italy,league country (transfermarkt-datasets competitions),Serie A,Serie A,2,Benevento,wikidata P159 headquarters (a settlement),Q652516,https://tmssl.akamaized.net/images/wappen/head/4171.png,no,
1d8099f8,Bologna Football Club 1909,1025,Italy,league country (transfermarkt-datasets competitions),Serie A,Serie A,7,Bologna,wikidata P159 headquarters (a settlement),Q1893,https://tmssl.akamaized.net/images/wappen/head/1025.png,no,
4ef57aeb,Brescia Calcio,19,Italy,league country (transfermarkt-datasets competitions),Serie A,Serie A,1,Brescia,wikidata P159 headquarters (a settlement),Q6651,https://tmssl.akamaized.net/images/wappen/head/19.png,no,
c4260e09,Cagliari Calcio,1390,Italy,league country (transfermarkt-datasets competitions),Serie A,Serie A,6,Cagliari,manual override,Q1900,https://tmssl.akamaized.net/images/wappen/head/1390.png,no,"headquarters is 'CRAI Sport Center' (sports complex); city overridden from 'Assemini' by Tyler on 2026-09-12: Wikidata's headquarters is the club's training ground, not its city"
cc919b35,Chievo Verona,862,Italy,league country (transfermarkt-datasets competitions),Serie A,Serie A,2,Verona,wikidata P159 headquarters (a settlement),Q2037,https://tmssl.akamaized.net/images/wappen/head/862.png,no,
3074d7b1,FC Crotone,4083,Italy,league country (transfermarkt-datasets competitions),Serie A,Serie A,2,Crotone,wikidata P159 headquarters (a settlement),Q6690,https://tmssl.akamaized.net/images/wappen/head/4083.png,no,
a3d88bd8,FC Empoli,749,Italy,league country (transfermarkt-datasets competitions),Serie A,Serie A,4,Empoli,wikidata P159 headquarters (a settlement),Q6703,https://tmssl.akamaized.net/images/wappen/head/749.png,no,
6a7ad59d,Frosinone Calcio,8970,Italy,league country (transfermarkt-datasets competitions),Serie A,Serie A,2,Frosinone,wikidata P159 headquarters (a settlement),Q845043,https://tmssl.akamaized.net/images/wappen/head/8970.png,no,
658bf2de,Genoa CFC,252,Italy,league country (transfermarkt-datasets competitions),Serie A,Serie A,6,Genoa,wikidata P159 headquarters (a settlement),Q2074,https://tmssl.akamaized.net/images/wappen/head/252.png,no,
0e72edf2,Hellas Verona,276,Italy,league country (transfermarkt-datasets competitions),Serie A,Serie A,6,Verona,wikidata P159 headquarters (a settlement),Q8639,https://tmssl.akamaized.net/images/wappen/head/276.png,no,
d609edc0,Inter Milan,46,Italy,league country (transfermarkt-datasets competitions),Serie A,Serie A,7,Milan,wikidata P159 headquarters (a settlement),Q631,https://tmssl.akamaized.net/images/wappen/head/46.png,no,
e0652b02,Juventus FC,506,Italy,league country (transfermarkt-datasets competitions),Serie A,Serie A,7,Turin,wikidata P159 headquarters (a settlement),Q1422,https://tmssl.akamaized.net/images/wappen/head/506.png,no,
eab4234c,Parma Calcio 1913,130,Italy,league country (transfermarkt-datasets competitions),Serie A,Serie A,3,Parma,wikidata P159 headquarters (a settlement),Q2693,https://tmssl.akamaized.net/images/wappen/head/130.png,no,
1d2fe027,SPAL,2722,Italy,league country (transfermarkt-datasets competitions),Serie A,Serie A,3,Ferrara,wikidata P159 headquarters (a settlement),Q13385,https://tmssl.akamaized.net/images/wappen/head/2722.png,no,
d48ad4ff,SSC Napoli,6195,Italy,league country (transfermarkt-datasets competitions),Serie A,Serie A,7,Naples,wikidata P159 headquarters (a settlement),Q2641,https://tmssl.akamaized.net/images/wappen/head/6195.png,no,
7213da33,Società Sportiva Lazio S.p.A.,398,Italy,league country (transfermarkt-datasets competitions),Serie A,Serie A,7,Rome,manual override,Q2609,https://tmssl.akamaized.net/images/wappen/head/398.png,no,"city overridden from 'Formello' by Tyler on 2026-09-12: Wikidata's headquarters is the club's training ground, not its city"
68449f6d,Spezia Calcio,3522,Italy,league country (transfermarkt-datasets competitions),Serie A,Serie A,3,La Spezia,wikidata P159 headquarters (a settlement),Q8615,https://tmssl.akamaized.net/images/wappen/head/3522.png,no,
105360fe,Torino FC,416,Italy,league country (transfermarkt-datasets competitions),Serie A,Serie A,7,Turin,wikidata P159 headquarters (a settlement),Q2768,https://tmssl.akamaized.net/images/wappen/head/416.png,no,
8ff9e3b3,UC Sampdoria,1038,Italy,league country (transfermarkt-datasets competitions),Serie A,Serie A,6,Genoa,wikidata P159 headquarters (a settlement),Q1457,https://tmssl.akamaized.net/images/wappen/head/1038.png,no,
9aad3a77,US Cremonese,2239,Italy,league country (transfermarkt-datasets competitions),Serie A,Serie A,1,Cremona,wikidata P159 headquarters (a settlement),Q759482,https://tmssl.akamaized.net/images/wappen/head/2239.png,no,
ffcbe334,US Lecce,1005,Italy,league country (transfermarkt-datasets competitions),Serie A,Serie A,3,Lecce,wikidata P159 headquarters (a settlement),Q13391,https://tmssl.akamaized.net/images/wappen/head/1005.png,no,
c5577084,US Salernitana 1919,380,Italy,league country (transfermarkt-datasets competitions),Serie A,Serie A,3,Salerno,wikidata P159 headquarters (a settlement),Q847587,https://tmssl.akamaized.net/images/wappen/head/380.png,no,
e2befd26,US Sassuolo,6574,Italy,league country (transfermarkt-datasets competitions),Serie A,Serie A,7,Sassuolo,wikidata P159 headquarters (a settlement),Q8603,https://tmssl.akamaized.net/images/wappen/head/6574.png,no,
04eea015,Udinese Calcio,410,Italy,league country (transfermarkt-datasets competitions),Serie A,Serie A,7,Udine,wikidata P159 headquarters (a settlement),Q2798,https://tmssl.akamaized.net/images/wappen/head/410.png,no,
af5d5982,Venezia FC,607,Italy,league country (transfermarkt-datasets competitions),Serie A,Serie A,1,Venice,wikidata P159 headquarters (a settlement),Q501245,https://tmssl.akamaized.net/images/wappen/head/607.png,no,
fd6114db,AS Monaco,162,Monaco,manual override,Ligue 1,Ligue 1,7,Monaco,manual override,Q180305,https://tmssl.akamaized.net/images/wappen/head/162.png,no,city overridden from 'Commune of Monaco' by Tyler on 2026-09-12: derived value was 'Commune of Monaco'; country overridden from 'France' (its league's) by Tyler on 2026-09-12: Monégasque club playing in the French league; same rule as the Welsh clubs
2b390eca,Athletic Bilbao,621,Spain,league country (transfermarkt-datasets competitions),La Liga,La Liga,7,Bilbao,wikidata P159 -> P131 (headquarters is not a settlement),Q8687,https://tmssl.akamaized.net/images/wappen/head/621.png,no,headquarters is 'Ibaigane Palace' (palace); city accepted by Tyler on 2026-09-12: headquarters is Ibaigane Palace in Bilbao; the city is right
db3b9613,Atlético de Madrid,13,Spain,league country (transfermarkt-datasets competitions),La Liga,La Liga,7,Madrid,wikidata P159 headquarters (a settlement),Q8701,https://tmssl.akamaized.net/images/wappen/head/13.png,no,
03c57e2b,CA Osasuna,331,Spain,league country (transfermarkt-datasets competitions),La Liga,La Liga,5,Pamplona,wikidata P159 headquarters (a settlement),Q10286,https://tmssl.akamaized.net/images/wappen/head/331.png,no,
7c6f2c78,CD Leganés,1244,Spain,league country (transfermarkt-datasets competitions),La Liga,La Liga,3,Leganés,wikidata P159 headquarters (a settlement),Q856119,https://tmssl.akamaized.net/images/wappen/head/1244.png,no,
f25da7fb,Celta de Vigo,940,Spain,league country (transfermarkt-datasets competitions),La Liga,La Liga,7,Vigo,wikidata P159 headquarters (a settlement),Q8749,https://tmssl.akamaized.net/images/wappen/head/940.png,no,
ee7c297c,Cádiz CF,2687,Spain,league country (transfermarkt-datasets competitions),La Liga,La Liga,4,Cádiz,wikidata P115 stadium -> P131 city,Q460448,https://tmssl.akamaized.net/images/wappen/head/2687.png,no,"headquarters unusable ('Cádiz'); city accepted by Tyler on 2026-09-12: headquarters class was unknown, but Cádiz is right"
8d6fd021,Deportivo Alavés,1108,Spain,league country (transfermarkt-datasets competitions),La Liga,La Liga,6,Vitoria-Gasteiz,wikidata P159 headquarters (a settlement),Q223620,https://tmssl.akamaized.net/images/wappen/head/1108.png,no,
2a60ed82,Deportivo de La Coruña,897,Spain,league country (transfermarkt-datasets competitions),La Liga,La Liga,1,A Coruña,wikidata P159 headquarters (a settlement),Q8760,https://tmssl.akamaized.net/images/wappen/head/897.png,no,
6c8b07df,Elche CF,1531,Spain,league country (transfermarkt-datasets competitions),La Liga,La Liga,3,Elche,wikidata P159 headquarters (a settlement),Q10512,https://tmssl.akamaized.net/images/wappen/head/1531.png,no,
206d90db,FC Barcelona,131,Spain,league country (transfermarkt-datasets competitions),La Liga,La Liga,7,Barcelona,wikidata P159 headquarters (a settlement),Q7156,https://tmssl.akamaized.net/images/wappen/head/131.png,no,
7848bd64,Getafe CF,3709,Spain,league country (transfermarkt-datasets competitions),La Liga,La Liga,7,Getafe,wikidata P159 headquarters (a settlement),Q8806,https://tmssl.akamaized.net/images/wappen/head/3709.png,no,
9024a00a,Girona FC,12321,Spain,league country (transfermarkt-datasets competitions),La Liga,La Liga,4,Girona,wikidata P159 headquarters (a settlement),Q11945,https://tmssl.akamaized.net/images/wappen/head/12321.png,no,
a0435291,Granada CF,16795,Spain,league country (transfermarkt-datasets competitions),La Liga,La Liga,4,Granada,wikidata P159 headquarters (a settlement),Q8812,https://tmssl.akamaized.net/images/wappen/head/16795.png,no,
9800b6a1,Levante UD,3368,Spain,league country (transfermarkt-datasets competitions),La Liga,La Liga,5,Valencia,wikidata P159 headquarters (a settlement),Q8823,https://tmssl.akamaized.net/images/wappen/head/3368.png,no,
1c896955,Málaga CF,1084,Spain,league country (transfermarkt-datasets competitions),La Liga,La Liga,1,Málaga,wikidata P159 headquarters (a settlement),Q8857,https://tmssl.akamaized.net/images/wappen/head/1084.png,no,
a8661628,RCD Espanyol Barcelona,714,Spain,league country (transfermarkt-datasets competitions),La Liga,La Liga,5,Barcelona,manual override,Q8780,https://tmssl.akamaized.net/images/wappen/head/714.png,no,"city overridden from 'Cornellà de Llobregat' by Tyler on 2026-09-12: derived value was the stadium's suburb, Cornellà de Llobregat"
2aa12281,RCD Mallorca,237,Spain,league country (transfermarkt-datasets competitions),La Liga,La Liga,4,Palma,wikidata P159 headquarters (a settlement),Q8835,https://tmssl.akamaized.net/images/wappen/head/237.png,no,
98e8af82,Rayo Vallecano,367,Spain,league country (transfermarkt-datasets competitions),La Liga,La Liga,4,Madrid,wikidata P159 headquarters (a settlement),Q10300,https://tmssl.akamaized.net/images/wappen/head/367.png,no,
fc536746,Real Betis Balompié,150,Spain,league country (transfermarkt-datasets competitions),La Liga,La Liga,7,Seville,wikidata P159 headquarters (a settlement),Q8723,https://tmssl.akamaized.net/images/wappen/head/150.png,no,
53a2f082,Real Madrid,418,Spain,league country (transfermarkt-datasets competitions),La Liga,La Liga,7,Madrid,wikidata P159 headquarters (a settlement),Q8682,https://tmssl.akamaized.net/images/wappen/head/418.png,no,
e31d1cd9,Real Sociedad,681,Spain,league country (transfermarkt-datasets competitions),La Liga,La Liga,7,San Sebastián,wikidata P159 headquarters (a settlement),Q10315,https://tmssl.akamaized.net/images/wappen/head/681.png,no,
17859612,Real Valladolid CF,366,Spain,league country (transfermarkt-datasets competitions),La Liga,La Liga,4,Valladolid,wikidata P159 headquarters (a settlement),Q10319,https://tmssl.akamaized.net/images/wappen/head/366.png,no,
bea5c710,SD Eibar,1533,Spain,league country (transfermarkt-datasets competitions),La Liga,La Liga,4,Eibar,wikidata P159 headquarters (a settlement),Q770740,https://tmssl.akamaized.net/images/wappen/head/1533.png,no,
c6c493e6,SD Huesca,5358,Spain,league country (transfermarkt-datasets competitions),La Liga,La Liga,2,Huesca,wikidata P159 headquarters (a settlement),Q11971,https://tmssl.akamaized.net/images/wappen/head/5358.png,no,
ad2be733,Sevilla FC,368,Spain,league country (transfermarkt-datasets competitions),La Liga,La Liga,7,Seville,wikidata P159 headquarters (a settlement),Q10329,https://tmssl.akamaized.net/images/wappen/head/368.png,no,
78ecf4bb,UD Almería,3302,Spain,league country (transfermarkt-datasets competitions),La Liga,La Liga,2,Almería,wikidata P159 headquarters (a settlement),Q10407,https://tmssl.akamaized.net/images/wappen/head/3302.png,no,
0049d422,UD Las Palmas,472,Spain,league country (transfermarkt-datasets competitions),La Liga,La Liga,2,Las Palmas de Gran Canaria,wikidata P159 headquarters (a settlement),Q11979,https://tmssl.akamaized.net/images/wappen/head/472.png,no,
dcc91a7b,Valencia CF,1049,Spain,league country (transfermarkt-datasets competitions),La Liga,La Liga,7,Valencia,wikidata P159 headquarters (a settlement),Q10333,https://tmssl.akamaized.net/images/wappen/head/1049.png,no,
2a8183b3,Villarreal CF,1050,Spain,league country (transfermarkt-datasets competitions),La Liga,La Liga,7,Villarreal,wikidata P159 headquarters (a settlement),Q12297,https://tmssl.akamaized.net/images/wappen/head/1050.png,no,
75fae011,Cardiff City,603,Wales,manual override,Premier League,Premier League,1,Cardiff,wikidata P159 headquarters (a settlement),Q18662,https://tmssl.akamaized.net/images/wappen/head/603.png,no,"country overridden from 'England' (its league's) by Tyler on 2026-09-12: Welsh club playing in the English league; country should be accurate, the league field carries the competition"
fb10988f,Swansea City,2288,Wales,manual override,Premier League,Premier League,1,Swansea,wikidata P159 headquarters (a settlement),Q18659,https://tmssl.akamaized.net/images/wappen/head/2288.png,no,"country overridden from 'England' (its league's) by Tyler on 2026-09-12: Welsh club playing in the English league; country should be accurate, the league field carries the competition"
