fbref_player_id,fbref_name,dictionary_tm_id,club_seasons_confirmed,club_seasons,minutes,confirmed_by,outcome,new_tm_id,reason,birth_year
e9fbcc21,Joaquín Muñoz,396334.0,1.0,2,42.0,,dictionary id confirmed (the flag was a gap in Transfermarkt's appearance data),,,
6cbf8d0d,Abel Ruiz,340376.0,0.0,1,22.0,name and birth year ('Abel Ruiz'),dictionary id confirmed (the flag was a gap in Transfermarkt's appearance data),,,
e8b5ad37,Till Cissokho,395228.0,0.0,1,78.0,name and birth year ('Till Cissokho'),dictionary id confirmed (the flag was a gap in Transfermarkt's appearance data),,,
ae6941ec,Alexandre Lauray,666744.0,0.0,1,257.0,name and birth year ('Alexandre Lauray'),dictionary id confirmed (the flag was a gap in Transfermarkt's appearance data),,,
6fea4e00,Driss Trichard,290595.0,0.0,1,90.0,name and birth year ('Driss Trichard'),dictionary id confirmed (the flag was a gap in Transfermarkt's appearance data),,,
c1bcb2df,Riccardo Doratiotto,418881.0,0.0,1,78.0,name and birth year ('Riccardo Doratiotto'),dictionary id confirmed (the flag was a gap in Transfermarkt's appearance data),,,
0497a545,Francesco Verde,395870.0,0.0,1,12.0,name and birth year ('Francesco Verde'),dictionary id confirmed (the flag was a gap in Transfermarkt's appearance data),,,
7737dee2,Musa Juwara,562030.0,2.0,3,211.0,,dictionary id confirmed (the flag was a gap in Transfermarkt's appearance data),,,
550985aa,Ibrahim Karamoko,538072.0,0.0,1,65.0,name and birth year ('Ibrahim Karamoko'),dictionary id confirmed (the flag was a gap in Transfermarkt's appearance data),,,
fcd20025,Angelo Ndrecka,539220.0,0.0,1,90.0,name and birth year ('Angelo Ndrecka'),dictionary id confirmed (the flag was a gap in Transfermarkt's appearance data),,,
b9e1436c,Harvey Elliott,565822.0,4.0,5,3339.0,,dictionary id confirmed (the flag was a gap in Transfermarkt's appearance data),,,
1e1bea09,Paik Seung-ho,282689.0,0.0,1,60.0,name and birth year ('Seung-ho Paik'),dictionary id confirmed (the flag was a gap in Transfermarkt's appearance data),,,
03e48abb,Matty Daly,566349.0,0.0,1,75.0,name and birth year ('Matty Daly'),dictionary id confirmed (the flag was a gap in Transfermarkt's appearance data),,,
5ef608f7,Demeaco Duhaney,380913.0,0.0,1,45.0,name and birth year ('Demeaco Duhaney'),dictionary id confirmed (the flag was a gap in Transfermarkt's appearance data),,,
4b6bcb0d,Aaron Rowe,657994.0,0.0,1,69.0,name and birth year ('Aaron Rowe'),dictionary id confirmed (the flag was a gap in Transfermarkt's appearance data),,,
94230890,Paolo Gozzi Iweru,487333.0,0.0,1,90.0,name and birth year ('Paolo Gozzi'),dictionary id confirmed (the flag was a gap in Transfermarkt's appearance data),,,
2a82aa85,Grigoris Kastanos,298635.0,3.0,4,4174.0,,dictionary id confirmed (the flag was a gap in Transfermarkt's appearance data),,,
30144daa,Stephy Mavididi,340328.0,4.0,5,7030.0,,dictionary id confirmed (the flag was a gap in Transfermarkt's appearance data),,,
bef22bc4,Matheus Pereira da Silva,323934.0,1.0,2,557.0,,dictionary id confirmed (the flag was a gap in Transfermarkt's appearance data),,,
28237d7e,Luan Capanni,601877.0,0.0,1,9.0,name and birth year ('Luan Capanni'),dictionary id confirmed (the flag was a gap in Transfermarkt's appearance data),,,
cfd41fad,Paul Wade,696851.0,0.0,1,8.0,name and birth year ('Paul Wade'),dictionary id confirmed (the flag was a gap in Transfermarkt's appearance data),,,
0ee664db,Metehan Güçlü,395519.0,0.0,1,17.0,name and birth year ('Metehan Güçlü'),dictionary id confirmed (the flag was a gap in Transfermarkt's appearance data),,,
868c6958,Žan Celar,340427.0,0.0,1,5.0,name and birth year ('Zan Celar'),dictionary id confirmed (the flag was a gap in Transfermarkt's appearance data),,,
4701e130,Tyreke Johnson,404586.0,0.0,1,1.0,name and birth year ('Tyreke Johnson'),dictionary id confirmed (the flag was a gap in Transfermarkt's appearance data),,,
059948df,Callum Slattery,332342.0,0.0,1,112.0,name and birth year ('Callum Slattery'),dictionary id confirmed (the flag was a gap in Transfermarkt's appearance data),,,
54507986,Antonis Aidonis,405674.0,0.0,1,80.0,name and birth year ('Antonis Aidonis'),dictionary id confirmed (the flag was a gap in Transfermarkt's appearance data),,,
aeaf1bc1,Leon Dajaku,483974.0,2.0,3,76.0,,dictionary id confirmed (the flag was a gap in Transfermarkt's appearance data),,,
77128f7e,Luke Amos,258912.0,0.0,1,3.0,name and birth year ('Luke Amos'),dictionary id confirmed (the flag was a gap in Transfermarkt's appearance data),,,
d4cb83cc,Nacho Monreal,43003.0,2.0,5,8846.0,,dictionary id confirmed (the flag was a gap in Transfermarkt's appearance data),,,
1a7fcf39,Ezgjan Alioski,129604.0,0.0,1,2461.0,name and birth year ('Ezgjan Alioski'),dictionary id confirmed (the flag was a gap in Transfermarkt's appearance data),,,
0bbab654,Guillem Molina,602156.0,0.0,1,153.0,name and birth year ('Guillem Molina'),dictionary id confirmed (the flag was a gap in Transfermarkt's appearance data),,,
683a1d81,Mircea Alexandru Tirlea,319253.0,0.0,1,15.0,name and birth year ('Alexandru Țîrlea'),dictionary id confirmed (the flag was a gap in Transfermarkt's appearance data),,,
ae48c5cb,Iván Martín,341278.0,2.0,3,4481.0,,dictionary id confirmed (the flag was a gap in Transfermarkt's appearance data),,,
94b442c0,Noah Guede-Nadje,855160.0,0.0,1,3.0,name and birth year ('Guédé Nadje'),dictionary id confirmed (the flag was a gap in Transfermarkt's appearance data),,,
3bb625ac,Edimilson Fernandes,247555.0,6.0,7,9150.0,,dictionary id confirmed (the flag was a gap in Transfermarkt's appearance data),,,
e4ba67f2,Giorgio Cittadini,616628.0,2.0,3,125.0,,dictionary id confirmed (the flag was a gap in Transfermarkt's appearance data),,,
f944979d,Alassane Sidibe,616638.0,0.0,1,6.0,name and birth year ('Alassane Sidibe'),dictionary id confirmed (the flag was a gap in Transfermarkt's appearance data),,,
4d034881,Sergio Agüero,26399.0,4.0,5,6584.0,,dictionary id confirmed (the flag was a gap in Transfermarkt's appearance data),,,
b8bd60fe,Ilias Akhomach,709969.0,1.0,2,1635.0,,dictionary id confirmed (the flag was a gap in Transfermarkt's appearance data),,,
fa265f6d,Yusuf Demir,548031.0,0.0,1,192.0,name and birth year ('Yusuf Demir'),dictionary id confirmed (the flag was a gap in Transfermarkt's appearance data),,,
ace50e9f,Estanis,913539.0,0.0,1,11.0,name and birth year ('Estanis Pedrola'),dictionary id confirmed (the flag was a gap in Transfermarkt's appearance data),,,
2a9f6b4d,Jutglà,599231.0,0.0,1,301.0,name and birth year ('Ferran Jutglà'),dictionary id confirmed (the flag was a gap in Transfermarkt's appearance data),,,
8356931a,Lucas Copado,636898.0,0.0,1,16.0,name and birth year ('Lucas Copado'),dictionary id confirmed (the flag was a gap in Transfermarkt's appearance data),,,
da4e70e5,Calderón,630998.0,0.0,1,65.0,name and birth year ('José Calderón'),dictionary id confirmed (the flag was a gap in Transfermarkt's appearance data),,,
dea912dc,Kike Hermoso,531824.0,0.0,1,90.0,name and birth year ('Kike Hermoso'),dictionary id confirmed (the flag was a gap in Transfermarkt's appearance data),,,
6fb91ea9,Soma Novothny,148824.0,0.0,1,80.0,name and birth year ('Soma Novothny'),dictionary id confirmed (the flag was a gap in Transfermarkt's appearance data),,,
39aa05a7,Ebenezer Annan,861221.0,0.0,1,25.0,name and birth year ('Ebenezer Annan'),dictionary id confirmed (the flag was a gap in Transfermarkt's appearance data),,,
db013c7d,Thibault Klidje,575610.0,0.0,1,86.0,name and birth year ('Thibault Klidjé'),dictionary id confirmed (the flag was a gap in Transfermarkt's appearance data),,,
ee158be5,Junior Mwanga,1011200.0,1.0,2,1540.0,,dictionary id confirmed (the flag was a gap in Transfermarkt's appearance data),,,
f9682888,Nathan Young-Coombes,581679.0,0.0,1,4.0,name and birth year ('Nathan Young-Coombes'),dictionary id confirmed (the flag was a gap in Transfermarkt's appearance data),,,
5c522c88,Christos Kourfalidis,650224.0,0.0,1,18.0,name and birth year ('Christos Kourfalidis'),dictionary id confirmed (the flag was a gap in Transfermarkt's appearance data),,,
5630a6e0,Yadaly Diaby,806496.0,0.0,1,67.0,name and birth year ('Yadaly Diaby'),dictionary id confirmed (the flag was a gap in Transfermarkt's appearance data),,,
639ca1cf,Jonathan Iglesias,159907.0,0.0,1,579.0,name and birth year ('Jonathan Iglesias'),dictionary id confirmed (the flag was a gap in Transfermarkt's appearance data),,,
ae5b93a0,Aboubakar Sidibé,503518.0,0.0,1,6.0,name and birth year ('Aboubakar Sidibé'),dictionary id confirmed (the flag was a gap in Transfermarkt's appearance data),,,
4f093689,Jordan Tell,272644.0,1.0,2,404.0,,dictionary id confirmed (the flag was a gap in Transfermarkt's appearance data),,,
c2731c10,Conor Gallagher,488362.0,3.0,4,10125.0,,dictionary id confirmed (the flag was a gap in Transfermarkt's appearance data),,,
a7416105,Pedro Benito,835794.0,0.0,1,31.0,name and birth year ('Pedro Benito'),dictionary id confirmed (the flag was a gap in Transfermarkt's appearance data),,,
9ed40a69,Chapela,412046.0,0.0,1,398.0,name and birth year ('Ivan Chapela'),dictionary id confirmed (the flag was a gap in Transfermarkt's appearance data),,,
5f5501ed,Álvaro Jiménez,282406.0,1.0,2,763.0,,dictionary id confirmed (the flag was a gap in Transfermarkt's appearance data),,,
cbec0059,Martín,278404.0,0.0,1,115.0,name and birth year ('Martín Calderón'),dictionary id confirmed (the flag was a gap in Transfermarkt's appearance data),,,
75402e99,Lennard Maloney,392710.0,1.0,2,2293.0,,dictionary id confirmed (the flag was a gap in Transfermarkt's appearance data),,,
f168d9b9,Immanuel Pherai,412935.0,0.0,1,1.0,name and birth year ('Immanuel Pherai'),dictionary id confirmed (the flag was a gap in Transfermarkt's appearance data),,,
bef0a7ac,Darío Benedetto,92693.0,2.0,4,4324.0,,dictionary id confirmed (the flag was a gap in Transfermarkt's appearance data),,,
8c964914,Giovanni Crociata,291400.0,2.0,3,331.0,,dictionary id confirmed (the flag was a gap in Transfermarkt's appearance data),,,
311027cb,Leonardo Mancuso,160344.0,0.0,1,425.0,name and birth year ('Leonardo Mancuso'),dictionary id confirmed (the flag was a gap in Transfermarkt's appearance data),,,
f3451c66,Gori,705815.0,0.0,1,9.0,name and birth year ('Gori'),dictionary id confirmed (the flag was a gap in Transfermarkt's appearance data),,,
c31ea173,Lluís Recasens,705810.0,0.0,1,45.0,name and birth year ('Lluís Recasens'),dictionary id confirmed (the flag was a gap in Transfermarkt's appearance data),,,
2110f96c,Filippo Distefano,669915.0,0.0,1,2.0,name and birth year ('Filippo Distefano'),dictionary id confirmed (the flag was a gap in Transfermarkt's appearance data),,,
3ef965c1,Flavio Junior Bianchi,364132.0,0.0,1,314.0,name and birth year ('Flavio Bianchi'),dictionary id confirmed (the flag was a gap in Transfermarkt's appearance data),,,
79d60e74,Laurens Serpe,500164.0,0.0,1,45.0,name and birth year ('Laurens Serpe'),dictionary id confirmed (the flag was a gap in Transfermarkt's appearance data),,,
1f1c8a15,José Juan Macías,546047.0,0.0,1,201.0,name and birth year ('José Juan Macías'),dictionary id confirmed (the flag was a gap in Transfermarkt's appearance data),,,
1f462f95,Luis Abram,330684.0,0.0,1,560.0,name and birth year ('Luis Abram'),dictionary id confirmed (the flag was a gap in Transfermarkt's appearance data),,,
8ac501f5,Monchu,282727.0,1.0,2,2699.0,,dictionary id confirmed (the flag was a gap in Transfermarkt's appearance data),,,
60097ff6,Adrian Fein,379979.0,0.0,1,32.0,name and birth year ('Adrian Fein'),dictionary id confirmed (the flag was a gap in Transfermarkt's appearance data),,,
9593331d,Hans Nunoo Sarpei,451340.0,1.0,2,685.0,,dictionary id confirmed (the flag was a gap in Transfermarkt's appearance data),,,
0da32a38,Nils Seufert,279064.0,1.0,2,442.0,,dictionary id confirmed (the flag was a gap in Transfermarkt's appearance data),,,
611b1aae,Cimo Röcker,117482.0,0.0,1,22.0,name and birth year ('Cimo Röcker'),dictionary id confirmed (the flag was a gap in Transfermarkt's appearance data),,,
f8d41a8c,Martin Palumbo,617170.0,2.0,3,77.0,,dictionary id confirmed (the flag was a gap in Transfermarkt's appearance data),,,
cd4256d3,Lewis Bate,587003.0,0.0,1,146.0,name and birth year ('Lewis Bate'),dictionary id confirmed (the flag was a gap in Transfermarkt's appearance data),,,
1000a059,Stuart McKinstry,592474.0,0.0,1,4.0,name and birth year ('Stuart McKinstry'),dictionary id confirmed (the flag was a gap in Transfermarkt's appearance data),,,
bbdd999a,Charles Boli,695646.0,0.0,1,32.0,name and birth year ('Charles Boli'),dictionary id confirmed (the flag was a gap in Transfermarkt's appearance data),,,
5c42e7ce,Brayann Pereira,620317.0,1.0,2,195.0,,dictionary id confirmed (the flag was a gap in Transfermarkt's appearance data),,,
4ade359f,Jonathan Varane,812902.0,0.0,1,1.0,name and birth year ('Jonathan Varane'),dictionary id confirmed (the flag was a gap in Transfermarkt's appearance data),,,
81ac108d,Baptiste Mouazan,804548.0,0.0,1,96.0,name and birth year ('Baptiste Mouazan'),dictionary id confirmed (the flag was a gap in Transfermarkt's appearance data),,,
6421ec64,Xherdan Shaqiri,86792.0,4.0,5,5523.0,,dictionary id confirmed (the flag was a gap in Transfermarkt's appearance data),,,
18c2e247,Stephan Fürstner,35493.0,0.0,1,5.0,name and birth year ('Stephan Fürstner'),dictionary id confirmed (the flag was a gap in Transfermarkt's appearance data),,,
87ebfdb8,Romario Rösch,333464.0,0.0,1,1.0,name and birth year ('Romario Rösch'),dictionary id confirmed (the flag was a gap in Transfermarkt's appearance data),,,
17734ea0,Kayky Chagas,668265.0,0.0,1,7.0,name and birth year ('Kayky'),dictionary id confirmed (the flag was a gap in Transfermarkt's appearance data),,,
d313e8ff,CJ Egan-Riley,581669.0,0.0,1,4.0,name and birth year ('CJ Egan-Riley'),dictionary id confirmed (the flag was a gap in Transfermarkt's appearance data),,,
5314e067,Sofiane Alakouch,434358.0,3.0,4,4958.0,,dictionary id confirmed (the flag was a gap in Transfermarkt's appearance data),,,
7cab69b5,Jemerson,258254.0,3.0,4,7337.0,,dictionary id confirmed (the flag was a gap in Transfermarkt's appearance data),,,
2967bcd0,Luca Stanga,621123.0,0.0,1,3.0,name and birth year ('Luca Stanga'),dictionary id confirmed (the flag was a gap in Transfermarkt's appearance data),,,
507d7569,Tiago Ribeiro,504084.0,0.0,1,2.0,name and birth year ('Tiago Ribeiro'),dictionary id confirmed (the flag was a gap in Transfermarkt's appearance data),,,
080de72a,Yannis M'Bemba,822116.0,0.0,1,5.0,name and birth year ('Yannis M'Bemba'),dictionary id confirmed (the flag was a gap in Transfermarkt's appearance data),,,
35be8087,Tony Springett,570864.0,0.0,1,141.0,name and birth year ('Tony Springett'),dictionary id confirmed (the flag was a gap in Transfermarkt's appearance data),,,
c261b5dd,Unai Dufur,783429.0,1.0,2,152.0,,dictionary id confirmed (the flag was a gap in Transfermarkt's appearance data),,,
fc3d2006,Jaume Grau,340864.0,0.0,1,3.0,name and birth year ('Jaume Grau'),dictionary id confirmed (the flag was a gap in Transfermarkt's appearance data),,,
a83d8b0c,Javier Ontiveros,298983.0,3.0,4,2237.0,,dictionary id confirmed (the flag was a gap in Transfermarkt's appearance data),,,
bce37ac0,Sekou Yansané,853344.0,0.0,1,16.0,name and birth year ('Sekou Yansané'),dictionary id confirmed (the flag was a gap in Transfermarkt's appearance data),,,
93b054dc,Álvaro Aguirre,888694.0,0.0,1,9.0,name and birth year ('Álvaro Aguirre'),dictionary id confirmed (the flag was a gap in Transfermarkt's appearance data),,,
3b3cbebb,Yacine Qasmi,93747.0,0.0,1,4.0,name and birth year ('Yacine Qasmi'),dictionary id confirmed (the flag was a gap in Transfermarkt's appearance data),,,
9c435456,Mario Gila,618341.0,2.0,3,1924.0,,dictionary id confirmed (the flag was a gap in Transfermarkt's appearance data),,,
2bea832e,Juanmi Latasa,623521.0,2.0,3,2012.0,,dictionary id confirmed (the flag was a gap in Transfermarkt's appearance data),,,
cf59e05f,Sergio Santos,537759.0,0.0,1,11.0,name and birth year ('Sergio Santos'),dictionary id confirmed (the flag was a gap in Transfermarkt's appearance data),,,
ad81ba78,Cristo,696890.0,0.0,1,17.0,name and birth year ('Cristo Romero'),dictionary id confirmed (the flag was a gap in Transfermarkt's appearance data),,,
84f55b4a,Germán Valera,548188.0,1.0,2,55.0,,dictionary id confirmed (the flag was a gap in Transfermarkt's appearance data),,,
3f3a2cba,Moustapha Mbow,649026.0,0.0,1,90.0,name and birth year ('Moustapha Mbow'),dictionary id confirmed (the flag was a gap in Transfermarkt's appearance data),,,
6f30a1d5,Dimitrios Keramitsis,861192.0,0.0,1,1.0,name and birth year ('Dimitrios Keramitsis'),dictionary id confirmed (the flag was a gap in Transfermarkt's appearance data),,,
ee95585f,Abdoulaye Bakayoko,855615.0,0.0,1,307.0,name and birth year ('Abdoulaye Bakayoko'),dictionary id confirmed (the flag was a gap in Transfermarkt's appearance data),,,
6a04bb7c,Elhadji Dieye,947069.0,0.0,1,34.0,name and birth year ('El Hadji Dieye'),dictionary id confirmed (the flag was a gap in Transfermarkt's appearance data),,,
75186a6a,Bryan Djile Nokoué,855607.0,0.0,1,57.0,name and birth year ('Bryan Nokoue'),dictionary id confirmed (the flag was a gap in Transfermarkt's appearance data),,,
ad513a6b,Juan Ignacio Ramírez,402079.0,0.0,1,126.0,name and birth year ('Ignacio Ramírez'),dictionary id confirmed (the flag was a gap in Transfermarkt's appearance data),,,
6a1f66a7,Ramzi Aya,57633.0,0.0,1,135.0,name and birth year ('Ramzi Aya'),dictionary id confirmed (the flag was a gap in Transfermarkt's appearance data),,,
cb678320,Luka Bogdan,226058.0,0.0,1,399.0,name and birth year ('Luka Bogdan'),dictionary id confirmed (the flag was a gap in Transfermarkt's appearance data),,,
ff37d2ef,Cedric Gondo,213854.0,0.0,1,699.0,name and birth year ('Cedric Gondo'),dictionary id confirmed (the flag was a gap in Transfermarkt's appearance data),,,
b64073a0,Andrei Motoc,816930.0,0.0,1,90.0,name and birth year ('Andrei Motoc'),dictionary id confirmed (the flag was a gap in Transfermarkt's appearance data),,,
6cd33e2a,Mario Perrone,709579.0,0.0,1,15.0,name and birth year ('Mario Perrone'),dictionary id confirmed (the flag was a gap in Transfermarkt's appearance data),,,
7152082d,Alessandro Russo,708084.0,0.0,1,29.0,name and birth year ('Alessandro Russo'),dictionary id confirmed (the flag was a gap in Transfermarkt's appearance data),,,
548fea2f,Luigi Samele,658244.0,0.0,1,5.0,name and birth year ('Luigi Samele'),dictionary id confirmed (the flag was a gap in Transfermarkt's appearance data),,,
97220da2,Armando Broja,571743.0,4.0,5,2816.0,,dictionary id confirmed (the flag was a gap in Transfermarkt's appearance data),,,
be6c1ccc,Samuel Mráz,243225.0,1.0,2,224.0,,dictionary id confirmed (the flag was a gap in Transfermarkt's appearance data),,,
36cf2caf,Matej Maglica,433388.0,1.0,2,1704.0,,dictionary id confirmed (the flag was a gap in Transfermarkt's appearance data),,,
7452c7a8,Ben Lhassine Kone,522681.0,0.0,1,81.0,name and birth year ('Ben Lhassine Kone'),dictionary id confirmed (the flag was a gap in Transfermarkt's appearance data),,,
316e70c7,Mamadou Camara,857148.0,0.0,1,40.0,name and birth year ('Mamadou Camara'),dictionary id confirmed (the flag was a gap in Transfermarkt's appearance data),,,
199ff86e,Levi Lumeka,537182.0,1.0,2,93.0,,dictionary id confirmed (the flag was a gap in Transfermarkt's appearance data),,,
b85e57bb,Eric N'Jo,991649.0,0.0,1,98.0,name and birth year ('Eric N'Jo'),dictionary id confirmed (the flag was a gap in Transfermarkt's appearance data),,,
59d93937,Patrick Roberts,225452.0,2.0,3,641.0,,dictionary id confirmed (the flag was a gap in Transfermarkt's appearance data),,,
3814b753,Gerson Rodrigues,282734.0,0.0,1,848.0,name and birth year ('Gerson Rodrigues'),dictionary id confirmed (the flag was a gap in Transfermarkt's appearance data),,,
956a78ea,Issa Bah,566861.0,0.0,1,9.0,name and birth year ('Issa Bah'),dictionary id confirmed (the flag was a gap in Transfermarkt's appearance data),,,
e921b9db,Jacopo Dezi,165531.0,2.0,3,185.0,,dictionary id confirmed (the flag was a gap in Transfermarkt's appearance data),,,
35a2557c,Francesco Di Mariano,238950.0,0.0,1,62.0,name and birth year ('Francesco Di Mariano'),dictionary id confirmed (the flag was a gap in Transfermarkt's appearance data),,,
69e11a01,Francesco Forte,164534.0,0.0,1,422.0,name and birth year ('Francesco Forte'),dictionary id confirmed (the flag was a gap in Transfermarkt's appearance data),,,
a796492f,Nicolas Galazzi,524428.0,0.0,1,16.0,name and birth year ('Nicolas Galazzi'),dictionary id confirmed (the flag was a gap in Transfermarkt's appearance data),,,
1c341b14,David Schnegg,378260.0,0.0,1,142.0,name and birth year ('David Schnegg'),dictionary id confirmed (the flag was a gap in Transfermarkt's appearance data),,,
4c2fa917,Nikita Iosifov,614464.0,0.0,1,1.0,name and birth year ('Nikita Iosifov'),dictionary id confirmed (the flag was a gap in Transfermarkt's appearance data),,,
eeb6551f,Ashley Fletcher,289846.0,0.0,1,30.0,name and birth year ('Ashley Fletcher'),dictionary id confirmed (the flag was a gap in Transfermarkt's appearance data),,,
240c8ab6,Daniel Chesters,561452.0,0.0,1,1.0,name and birth year ('Dan Chesters'),dictionary id confirmed (the flag was a gap in Transfermarkt's appearance data),,,
87f12e30,Sonny Perkins,670877.0,0.0,1,4.0,name and birth year ('Sonny Perkins'),dictionary id confirmed (the flag was a gap in Transfermarkt's appearance data),,,
2434f24a,Benoît Costil,22628.0,4.0,7,17640.0,,dictionary id confirmed (the flag was a gap in Transfermarkt's appearance data),,,
ea42c03f,Agustín Rogel,456535.0,1.0,2,2284.0,,dictionary id confirmed (the flag was a gap in Transfermarkt's appearance data),,,
95981861,Antoine Valerio,,,,,,relinked to the id that actually played for his clubs,707317.0,dictionary id 386449 never appeared for his clubs; Transfermarkt 707317 'Antoine Valério' (born 1999.0) appeared for 2 of his 2 club-seasons (Nîmes Olympique 2019/20; Nîmes Olympique 2020/21),
5ed97752,Iliman Ndiaye,,,,,,relinked to the id that actually played for his clubs,623570.0,dictionary id 649032 never appeared for his clubs; Transfermarkt 623570 'Iliman Ndiaye' (born 2000.0) appeared for 2 of his 2 club-seasons (Olympique Marseille 2023/24; Sheffield United 2020/21),
a6536561,Giuliano Simeone,,,,,,relinked to the id that actually played for his clubs,742201.0,dictionary id 396331 never appeared for his clubs; Transfermarkt 742201 'Giuliano Simeone' (born 2002.0) appeared for 1 of his 2 club-seasons (Atlético de Madrid 2021/22; Deportivo Alavés 2023/24),
7362a6f2,Aliou Badara Baldé,,,,,,relinked to the id that actually played for his clubs,666977.0,dictionary id 821730 never appeared for his clubs; Transfermarkt 666977 'Aliou Baldé' (born 2002.0) appeared for 1 of his 1 club-seasons (OGC Nice 2023/24),
1f875ef8,Jorge Moreno,,,,,,relinked to the id that actually played for his clubs,717957.0,dictionary id 672953 never appeared for his clubs; Transfermarkt 717957 'Jorge Moreno' (born 2001.0) appeared for 1 of his 1 club-seasons (CA Osasuna 2023/24),
c9817014,Manuel Ugarte Ribeiro,,,,,,relinked to the id that actually played for his clubs,476701.0,dictionary id 479640 never appeared for his clubs; Transfermarkt 476701 'Manuel Ugarte' (born 2001.0) appeared for 1 of his 1 club-seasons (Paris Saint-Germain 2023/24),
b62878a5,Mohammed Kudus,,,,,,relinked to the id that actually played for his clubs,543499.0,dictionary id 499857 never appeared for his clubs; Transfermarkt 543499 'Mohammed Kudus' (born 2000.0) appeared for 1 of his 1 club-seasons (West Ham United 2023/24),
e7630876,Mika Màrmol,617060.0,,FC Barcelona 2021/22; UD Las Palmas 2023/24,3179.0,,unresolved: dictionary id kept (see reason),,"no Transfermarkt player with a compatible name and birth year appeared for his clubs, and the dictionary id belongs to 'Mika Mármol'",2002.0
1ccd3dae,Peter González,710004.0,,Real Madrid 2021/22; Valencia CF 2023/24,676.0,,unresolved: dictionary id kept (see reason),,"no Transfermarkt player with a compatible name and birth year appeared for his clubs, and the dictionary id belongs to 'Peter Federico'",2002.0
98529579,Valentino Scotta,537373.0,,Sevilla FC 2021/22,1.0,,unresolved: dictionary id kept (see reason),,"no Transfermarkt player with a compatible name and birth year appeared for his clubs, and the dictionary id belongs to 'Valentino Fattore'",2001.0
bc49fd34,Jesús Santiago,941869.0,,Getafe CF 2023/24; Valencia CF 2021/22,738.0,,unresolved: dictionary id kept (see reason),,"no Transfermarkt player with a compatible name and birth year appeared for his clubs, and the dictionary id belongs to 'Yellu Santiago'",2004.0
b579e83d,Oghenekaro Etebo,409106.0,,Getafe CF 2019/20; UD Las Palmas 2017/18; Watford FC 2021/22,2188.0,,unresolved: dictionary id kept (see reason),,"no Transfermarkt player with a compatible name and birth year appeared for his clubs, and the dictionary id belongs to 'Peter Etebo'",1995.0
4b792f35,Cheikh Faye,949115.0,,Montpellier HSC 2022/23,37.0,,unresolved: dictionary id kept (see reason),,"no Transfermarkt player with a compatible name and birth year appeared for his clubs, and the dictionary id belongs to '(not in players table)'",1999.0
