club_id,club_name,season_label,in_scope,page_arrivals,frozen_arrivals,page_arrivals_matched,page_fees_eur,frozen_fees_eur,fees_missing_from_frozen_eur,page_loan_fees_eur
2036,1. Fußballclub Heidenheim 1846,17/18,False,10,5,5,500000.0,500000.0,0.0,0.0
3,1.FC Köln,17/18,True,10,7,7,40000000.0,34000000.0,6000000.0,0.0
4,1.FC Nuremberg,17/18,False,15,6,6,3000000.0,1500000.0,1500000.0,100000.0
89,1.FC Union Berlin,17/18,False,15,6,5,1580000.0,550000.0,1030000.0,0.0
39,1.FSV Mainz 05,17/18,True,14,7,4,16550000.0,4750000.0,11800000.0,0.0
1147,AC Ajaccio,17/18,False,15,6,6,0.0,0.0,0.0,0.0
5,AC Milan,17/18,True,34,11,9,180980000.0,118300000.0,62680000.0,5500000.0
2919,AC Monza,17/18,False,17,1,1,0.0,0.0,0.0,0.0
430,ACF Fiorentina,17/18,True,43,19,15,77800000.0,46900000.0,30900000.0,1700000.0
989,AFC Bournemouth,17/18,True,10,4,3,34300000.0,34300000.0,0.0,0.0
290,AJ Auxerre,17/18,False,17,3,3,2350000.0,500000.0,1850000.0,0.0
162,AS Monaco,17/18,True,23,13,10,122400000.0,97400000.0,25000000.0,0.0
618,AS Saint-Étienne,17/18,True,20,8,6,19300000.0,5800000.0,13500000.0,0.0
1416,Amiens SC,17/18,True,18,7,4,6630000.0,1000000.0,5630000.0,0.0
1420,Angers SCO,17/18,True,17,8,7,12400000.0,5400000.0,7000000.0,0.0
10,Arminia Bielefeld,17/18,False,10,3,3,0.0,0.0,0.0,0.0
11,Arsenal FC,17/18,True,10,11,7,152850000.0,152850000.0,0.0,0.0
12,Associazione Sportiva Roma,17/18,True,49,23,18,85650000.0,62450000.0,23200000.0,5500000.0
405,Aston Villa,17/18,False,17,9,4,2800000.0,0.0,2800000.0,0.0
800,Atalanta BC,17/18,True,68,21,17,66590000.0,47790000.0,18800000.0,0.0
621,Athletic Bilbao,17/18,True,9,5,4,32000000.0,32000000.0,0.0,0.0
13,Atlético de Madrid,17/18,True,16,7,5,95600000.0,35600000.0,60000000.0,0.0
15,Bayer 04 Leverkusen,17/18,True,14,4,3,51000000.0,38500000.0,12500000.0,0.0
27,Bayern Munich,17/18,True,14,9,7,103500000.0,90500000.0,13000000.0,13000000.0
4171,Benevento Calcio,17/18,True,36,11,10,19280000.0,8500000.0,10780000.0,4200000.0
1025,Bologna Football Club 1909,17/18,True,33,11,7,13000000.0,3000000.0,10000000.0,0.0
16,Borussia Dortmund,17/18,True,15,15,11,121090000.0,121090000.0,0.0,1500000.0
18,Borussia Mönchengladbach,17/18,True,9,8,5,37250000.0,35000000.0,2250000.0,0.0
1148,Brentford FC,17/18,False,13,8,7,11320000.0,10320000.0,1000000.0,0.0
19,Brescia Calcio,17/18,False,40,3,3,3070000.0,0.0,3070000.0,150000.0
1237,Brighton & Hove Albion,17/18,True,21,9,7,70000000.0,24400000.0,45600000.0,0.0
1132,Burnley FC,17/18,True,18,6,6,35740000.0,25500000.0,10240000.0,0.0
331,CA Osasuna,17/18,False,16,6,5,4150000.0,2300000.0,1850000.0,0.0
1244,CD Leganés,17/18,True,20,12,10,6550000.0,5950000.0,600000.0,0.0
1390,Cagliari Calcio,17/18,True,34,7,6,31090000.0,21200000.0,9890000.0,0.0
603,Cardiff City,17/18,False,29,5,5,12670000.0,0.0,12670000.0,0.0
940,Celta de Vigo,17/18,True,15,12,8,26800000.0,22300000.0,4500000.0,0.0
631,Chelsea FC,17/18,True,34,21,16,260500000.0,222600000.0,37900000.0,0.0
862,Chievo Verona,17/18,True,54,12,9,2650000.0,1500000.0,1150000.0,300000.0
3524,Clermont Foot 63,17/18,False,13,4,4,0.0,0.0,0.0,0.0
873,Crystal Palace,17/18,True,15,7,7,55950000.0,53200000.0,2750000.0,0.0
2687,Cádiz CF,17/18,False,20,3,3,850000.0,0.0,850000.0,0.0
1108,Deportivo Alavés,17/18,True,21,7,7,12700000.0,6900000.0,5800000.0,0.0
897,Deportivo de La Coruña,17/18,True,21,6,6,9500000.0,7500000.0,2000000.0,0.0
2969,Dijon FCO,17/18,True,12,4,3,5500000.0,1500000.0,4000000.0,0.0
855,EA Guingamp,17/18,True,15,7,6,1375000.0,1375000.0,0.0,0.0
1095,ESTAC Troyes,17/18,True,9,1,1,0.0,0.0,0.0,0.0
24,Eintracht Frankfurt,17/18,True,17,9,9,23550000.0,20100000.0,3450000.0,650000.0
1531,Elche CF,17/18,False,25,3,3,4000.0,0.0,4000.0,0.0
29,Everton FC,17/18,True,22,18,14,203200000.0,180700000.0,22500000.0,0.0
167,FC Augsburg,17/18,True,13,6,4,7550000.0,6500000.0,1050000.0,0.0
131,FC Barcelona,17/18,True,12,10,8,388100000.0,348100000.0,40000000.0,0.0
4083,FC Crotone,17/18,True,32,9,7,2200000.0,300000.0,1900000.0,800000.0
749,FC Empoli,17/18,False,41,15,11,7750000.0,7400000.0,350000.0,44000.0
40,FC Girondins Bordeaux,17/18,True,24,14,11,32600000.0,15500000.0,17100000.0,0.0
1158,FC Lorient,17/18,False,16,4,3,4800000.0,2000000.0,2800000.0,0.0
347,FC Metz,17/18,True,22,7,5,3600000.0,0.0,3600000.0,0.0
995,FC Nantes,17/18,True,14,8,6,11300000.0,4300000.0,7000000.0,0.0
33,FC Schalke 04,17/18,True,18,9,7,48500000.0,28000000.0,20500000.0,800000.0
415,FC Toulouse,17/18,True,11,2,2,3500000.0,0.0,3500000.0,0.0
38,Fortuna Düsseldorf,17/18,False,16,4,4,650000.0,0.0,650000.0,230000.0
8970,Frosinone Calcio,17/18,False,10,1,1,2800000.0,0.0,2800000.0,50000.0
931,Fulham FC,17/18,False,18,8,8,21830000.0,2500000.0,19330000.0,600000.0
252,Genoa CFC,17/18,True,52,13,10,12350000.0,1850000.0,10500000.0,1820000.0
3709,Getafe CF,17/18,True,26,10,9,12400000.0,8600000.0,3800000.0,500000.0
12321,Girona FC,17/18,True,20,12,10,8750000.0,8750000.0,0.0,0.0
16795,Granada CF,17/18,False,30,12,9,130000.0,0.0,130000.0,0.0
41,Hamburger SV,17/18,True,13,7,6,19000000.0,9500000.0,9500000.0,0.0
42,Hannover 96,17/18,True,14,5,3,19880000.0,7880000.0,12000000.0,500000.0
276,Hellas Verona,17/18,True,35,10,7,3050000.0,2750000.0,300000.0,0.0
44,Hertha BSC,17/18,True,10,6,5,13500000.0,11000000.0,2500000.0,500000.0
1110,Huddersfield Town,17/18,True,21,9,9,56750000.0,33350000.0,23400000.0,0.0
46,Inter Milan,17/18,True,55,24,15,146700000.0,119200000.0,27500000.0,450000.0
506,Juventus FC,17/18,True,59,24,14,170300000.0,115900000.0,54400000.0,9500000.0
1082,LOSC Lille,17/18,True,29,20,17,76500000.0,61000000.0,15500000.0,0.0
738,Le Havre AC,17/18,False,19,5,4,400000.0,0.0,400000.0,0.0
399,Leeds United,17/18,False,30,14,12,28430000.0,16120000.0,12310000.0,0.0
1003,Leicester City,17/18,True,14,12,9,81345000.0,78900000.0,2445000.0,2500000.0
3368,Levante UD,17/18,True,23,11,10,9000000.0,7200000.0,1800000.0,1000000.0
31,Liverpool FC,17/18,True,13,12,10,173650000.0,173650000.0,0.0,0.0
1031,Luton Town,17/18,False,17,4,4,270000.0,0.0,270000.0,0.0
281,Manchester City,17/18,True,25,21,18,317500000.0,313700000.0,3800000.0,0.0
985,Manchester United,17/18,True,12,9,9,198400000.0,198400000.0,0.0,0.0
969,Montpellier HSC,17/18,True,13,7,7,5700000.0,3500000.0,2200000.0,0.0
1084,Málaga CF,17/18,True,25,8,5,10500000.0,3700000.0,6800000.0,0.0
762,Newcastle United,17/18,True,24,18,15,39300000.0,31800000.0,7500000.0,7200000.0
1123,Norwich City,17/18,False,26,14,13,15720000.0,4030000.0,11690000.0,0.0
703,Nottingham Forest,17/18,False,30,15,12,7055000.0,1455000.0,5600000.0,200000.0
1160,Nîmes Olympique,17/18,False,9,3,3,150000.0,150000.0,0.0,0.0
417,OGC Nice,17/18,True,15,11,9,26300000.0,24300000.0,2000000.0,0.0
1041,Olympique Lyon,17/18,True,21,21,16,60000000.0,42500000.0,17500000.0,2550000.0
244,Olympique Marseille,17/18,True,17,9,7,60000000.0,31000000.0,29000000.0,2000000.0
583,Paris Saint-Germain,17/18,True,11,8,5,238000000.0,238000000.0,0.0,0.0
130,Parma Calcio 1913,17/18,False,29,2,2,4733000.0,3480000.0,1253000.0,280000.0
23826,RB Leipzig,17/18,True,15,11,8,63000000.0,47000000.0,16000000.0,500000.0
826,RC Lens,17/18,False,21,4,4,2950000.0,0.0,2950000.0,200000.0
667,RC Strasbourg Alsace,17/18,True,14,8,7,5200000.0,3700000.0,1500000.0,0.0
714,RCD Espanyol Barcelona,17/18,True,17,4,4,16550000.0,15000000.0,1550000.0,500000.0
237,RCD Mallorca,17/18,False,29,4,3,100000.0,0.0,100000.0,0.0
367,Rayo Vallecano,17/18,False,19,8,7,0.0,0.0,0.0,0.0
150,Real Betis Balompié,17/18,True,21,9,6,38500000.0,13000000.0,25500000.0,0.0
418,Real Madrid,17/18,True,9,6,4,40500000.0,40500000.0,0.0,0.0
681,Real Sociedad,17/18,True,14,7,6,25500000.0,19500000.0,6000000.0,0.0
366,Real Valladolid CF,17/18,False,26,8,8,200000.0,200000.0,0.0,0.0
60,SC Freiburg,17/18,True,18,8,6,18150000.0,9500000.0,8650000.0,1500000.0
127,SC Paderborn 07,17/18,False,20,3,3,0.0,0.0,0.0,800000.0
1533,SD Eibar,17/18,True,22,8,7,9850000.0,9100000.0,750000.0,400000.0
5358,SD Huesca,17/18,False,16,4,4,400000.0,0.0,400000.0,0.0
1162,SM Caen,17/18,True,16,8,7,6950000.0,4100000.0,2850000.0,0.0
2722,SPAL,17/18,True,31,6,5,6085000.0,225000.0,5860000.0,2650000.0
6195,SSC Napoli,17/18,True,30,11,9,64250000.0,52250000.0,12000000.0,0.0
105,SV Darmstadt 98,17/18,False,25,5,5,2100000.0,1000000.0,1100000.0,0.0
86,SV Werder Bremen,17/18,True,16,9,8,17800000.0,15600000.0,2200000.0,800000.0
368,Sevilla FC,17/18,True,17,7,7,75700000.0,55000000.0,20700000.0,2350000.0
350,Sheffield United,17/18,False,23,3,3,5640000.0,1300000.0,4340000.0,0.0
398,Società Sportiva Lazio S.p.A.,17/18,True,28,12,9,14600000.0,5500000.0,9100000.0,13500000.0
180,Southampton FC,17/18,True,11,7,6,61250000.0,61250000.0,0.0,0.0
65,SpVgg Greuther Fürth,17/18,False,19,2,2,450000.0,250000.0,200000.0,150000.0
3522,Spezia Calcio,17/18,False,38,8,7,830000.0,80000.0,750000.0,0.0
3911,Stade Brestois 29,17/18,False,15,5,5,0.0,0.0,0.0,0.0
1421,Stade Reims,17/18,False,18,7,7,0.0,0.0,0.0,0.0
273,Stade Rennais FC,17/18,True,18,10,9,48900000.0,43900000.0,5000000.0,0.0
512,Stoke City,17/18,True,17,7,5,49300000.0,23700000.0,25600000.0,8400000.0
2288,Swansea City,17/18,True,19,8,6,64885000.0,22800000.0,42085000.0,8500000.0
533,TSG 1899 Hoffenheim,17/18,True,17,11,8,13700000.0,2700000.0,11000000.0,1000000.0
416,Torino FC,17/18,True,36,16,11,18850000.0,18850000.0,0.0,7500000.0
148,Tottenham Hotspur,17/18,True,14,9,7,121000000.0,105900000.0,15100000.0,0.0
1038,UC Sampdoria,17/18,True,39,12,8,48750000.0,26750000.0,22000000.0,2250000.0
3302,UD Almería,17/18,False,23,3,3,70000.0,0.0,70000.0,0.0
472,UD Las Palmas,17/18,True,23,10,8,350000.0,0.0,350000.0,0.0
2239,US Cremonese,17/18,False,33,4,4,0.0,0.0,0.0,65000.0
1005,US Lecce,17/18,False,27,2,2,410000.0,0.0,410000.0,40000.0
380,US Salernitana 1919,17/18,False,32,5,5,1010000.0,0.0,1010000.0,0.0
6574,US Sassuolo,17/18,True,28,13,8,42100000.0,31600000.0,10500000.0,4500000.0
410,Udinese Calcio,17/18,True,34,15,10,22441000.0,19166000.0,3275000.0,150000.0
1049,Valencia CF,17/18,True,23,18,13,51000000.0,32000000.0,19000000.0,4000000.0
607,Venezia FC,17/18,False,22,3,2,880000.0,130000.0,750000.0,0.0
79,VfB Stuttgart,17/18,True,16,10,8,30700000.0,16700000.0,14000000.0,200000.0
80,VfL Bochum,17/18,False,12,4,4,0.0,0.0,0.0,0.0
82,VfL Wolfsburg,17/18,True,20,10,9,63250000.0,36250000.0,27000000.0,9500000.0
1050,Villarreal CF,17/18,True,15,11,9,43500000.0,40000000.0,3500000.0,2600000.0
1010,Watford FC,17/18,True,30,20,12,71400000.0,52800000.0,18600000.0,2000000.0
984,West Bromwich Albion,17/18,True,14,6,4,49700000.0,41100000.0,8600000.0,2800000.0
379,West Ham United,17/18,True,15,10,8,53300000.0,25300000.0,28000000.0,3500000.0
543,Wolverhampton Wanderers,17/18,False,29,12,10,24610000.0,24040000.0,570000.0,0.0
2036,1. Fußballclub Heidenheim 1846,18/19,False,8,4,4,750000.0,0.0,750000.0,0.0
3,1.FC Köln,18/19,False,13,9,6,16900000.0,6700000.0,10200000.0,0.0
4,1.FC Nuremberg,18/19,True,11,3,3,3500000.0,3000000.0,500000.0,1350000.0
89,1.FC Union Berlin,18/19,False,13,4,4,1550000.0,550000.0,1000000.0,1250000.0
39,1.FSV Mainz 05,18/19,True,19,12,11,27000000.0,23500000.0,3500000.0,3000000.0
1147,AC Ajaccio,18/19,False,12,5,5,0.0,0.0,0.0,0.0
5,AC Milan,18/19,True,26,15,10,179440000.0,151440000.0,28000000.0,15200000.0
2919,AC Monza,18/19,False,30,1,1,2150000.0,0.0,2150000.0,0.0
430,ACF Fiorentina,18/19,True,41,29,20,56150000.0,55350000.0,800000.0,3815000.0
989,AFC Bournemouth,18/19,True,14,9,9,91600000.0,91600000.0,0.0,0.0
290,AJ Auxerre,18/19,False,16,5,5,500000.0,300000.0,200000.0,0.0
162,AS Monaco,18/19,True,36,24,18,145400000.0,117200000.0,28200000.0,450000.0
618,AS Saint-Étienne,18/19,True,18,16,12,15000000.0,15000000.0,0.0,0.0
1416,Amiens SC,18/19,True,19,10,9,6990000.0,4850000.0,2140000.0,500000.0
1420,Angers SCO,18/19,True,20,8,7,5650000.0,1650000.0,4000000.0,0.0
10,Arminia Bielefeld,18/19,False,16,6,5,400000.0,50000.0,350000.0,0.0
11,Arsenal FC,18/19,True,16,11,10,77650000.0,77650000.0,0.0,2500000.0
12,Associazione Sportiva Roma,18/19,True,42,21,15,161350000.0,121150000.0,40200000.0,5000000.0
405,Aston Villa,18/19,False,24,15,14,17100000.0,11100000.0,6000000.0,2000000.0
800,Atalanta BC,18/19,True,69,21,15,40300000.0,30250000.0,10050000.0,20500000.0
621,Athletic Bilbao,18/19,True,11,7,5,33650000.0,26650000.0,7000000.0,0.0
13,Atlético de Madrid,18/19,True,18,20,14,150000000.0,135500000.0,14500000.0,18000000.0
15,Bayer 04 Leverkusen,18/19,True,10,5,4,30500000.0,30500000.0,0.0,1000000.0
27,Bayern Munich,18/19,True,6,3,2,14000000.0,14000000.0,0.0,0.0
4171,Benevento Calcio,18/19,False,36,2,2,13600000.0,0.0,13600000.0,100000.0
1025,Bologna Football Club 1909,18/19,True,33,12,9,29800000.0,16200000.0,13600000.0,1415000.0
16,Borussia Dortmund,18/19,True,14,13,9,88500000.0,60500000.0,28000000.0,2000000.0
18,Borussia Mönchengladbach,18/19,True,11,4,3,32550000.0,27500000.0,5050000.0,0.0
1148,Brentford FC,18/19,False,15,9,8,6550000.0,6550000.0,0.0,0.0
19,Brescia Calcio,18/19,False,27,3,3,3550000.0,500000.0,3050000.0,0.0
1237,Brighton & Hove Albion,18/19,True,24,23,15,90620000.0,77120000.0,13500000.0,0.0
1132,Burnley FC,18/19,True,9,4,3,33000000.0,16100000.0,16900000.0,0.0
331,CA Osasuna,18/19,False,14,4,4,1600000.0,0.0,1600000.0,0.0
1244,CD Leganés,18/19,True,28,18,15,15800000.0,13950000.0,1850000.0,3100000.0
1390,Cagliari Calcio,18/19,True,30,11,10,21395000.0,13675000.0,7720000.0,1100000.0
603,Cardiff City,18/19,True,17,3,3,51200000.0,11350000.0,39850000.0,0.0
940,Celta de Vigo,18/19,True,23,15,13,29500000.0,29500000.0,0.0,500000.0
631,Chelsea FC,18/19,True,25,20,13,201000000.0,201000000.0,0.0,7800000.0
862,Chievo Verona,18/19,True,50,10,10,6750000.0,4600000.0,2150000.0,220000.0
3524,Clermont Foot 63,18/19,False,13,9,8,0.0,0.0,0.0,0.0
873,Crystal Palace,18/19,True,11,6,5,10700000.0,10700000.0,0.0,1150000.0
2687,Cádiz CF,18/19,False,24,8,7,0.0,0.0,0.0,300000.0
1108,Deportivo Alavés,18/19,True,25,15,10,10000000.0,3000000.0,7000000.0,0.0
897,Deportivo de La Coruña,18/19,False,25,14,12,10050000.0,1750000.0,8300000.0,225000.0
2969,Dijon FCO,18/19,True,14,4,4,9200000.0,7200000.0,2000000.0,0.0
855,EA Guingamp,18/19,True,13,5,4,3500000.0,2500000.0,1000000.0,0.0
1095,ESTAC Troyes,18/19,False,19,9,9,3200000.0,1200000.0,2000000.0,0.0
24,Eintracht Frankfurt,18/19,True,24,13,12,29350000.0,28600000.0,750000.0,1600000.0
1531,Elche CF,18/19,False,21,7,7,4450000.0,4150000.0,300000.0,0.0
29,Everton FC,18/19,True,19,15,13,89650000.0,89650000.0,0.0,10150000.0
167,FC Augsburg,18/19,True,17,5,5,6000000.0,3000000.0,3000000.0,650000.0
131,FC Barcelona,18/19,True,19,15,10,138900000.0,138900000.0,0.0,2200000.0
4083,FC Crotone,18/19,False,41,12,7,4660000.0,2100000.0,2560000.0,0.0
749,FC Empoli,18/19,True,39,14,9,13800000.0,2500000.0,11300000.0,3500000.0
40,FC Girondins Bordeaux,18/19,True,16,11,8,20070000.0,10070000.0,10000000.0,1390000.0
1158,FC Lorient,18/19,False,23,7,5,550000.0,0.0,550000.0,0.0
347,FC Metz,18/19,False,23,16,12,9100000.0,5300000.0,3800000.0,0.0
995,FC Nantes,18/19,True,16,6,5,14050000.0,11250000.0,2800000.0,300000.0
33,FC Schalke 04,18/19,True,18,7,7,62200000.0,36000000.0,26200000.0,0.0
415,FC Toulouse,18/19,True,16,10,7,18450000.0,6250000.0,12200000.0,0.0
38,Fortuna Düsseldorf,18/19,True,21,8,8,5400000.0,3750000.0,1650000.0,2350000.0
8970,Frosinone Calcio,18/19,True,25,7,7,8760000.0,1500000.0,7260000.0,800000.0
931,Fulham FC,18/19,True,18,8,8,115100000.0,49550000.0,65550000.0,1400000.0
252,Genoa CFC,18/19,True,61,27,20,50825000.0,34200000.0,16625000.0,8150000.0
3709,Getafe CF,18/19,True,27,16,12,27250000.0,24750000.0,2500000.0,0.0
12321,Girona FC,18/19,True,11,4,4,10200000.0,10000000.0,200000.0,0.0
16795,Granada CF,18/19,False,20,5,4,650000.0,0.0,650000.0,0.0
41,Hamburger SV,18/19,False,23,12,11,1700000.0,1700000.0,0.0,0.0
42,Hannover 96,18/19,True,19,9,9,14400000.0,14400000.0,0.0,4120000.0
276,Hellas Verona,18/19,False,46,15,11,1200000.0,0.0,1200000.0,350000.0
44,Hertha BSC,18/19,True,14,3,3,14500000.0,10500000.0,4000000.0,1500000.0
1110,Huddersfield Town,18/19,True,14,5,5,48200000.0,10000000.0,38200000.0,2500000.0
46,Inter Milan,18/19,True,48,27,18,80600000.0,42600000.0,38000000.0,17000000.0
506,Juventus FC,18/19,True,40,14,11,261200000.0,213700000.0,47500000.0,600000.0
1082,LOSC Lille,18/19,True,15,11,7,29100000.0,27700000.0,1400000.0,0.0
738,Le Havre AC,18/19,False,11,3,3,3300000.0,2000000.0,1300000.0,0.0
399,Leeds United,18/19,False,24,11,7,11400000.0,3500000.0,7900000.0,0.0
1003,Leicester City,18/19,True,15,15,11,114600000.0,114600000.0,0.0,0.0
3368,Levante UD,18/19,True,17,11,9,24300000.0,6700000.0,17600000.0,2000000.0
31,Liverpool FC,18/19,True,14,17,10,192200000.0,192200000.0,0.0,0.0
1031,Luton Town,18/19,False,19,2,2,0.0,0.0,0.0,0.0
281,Manchester City,18/19,True,16,19,11,78590000.0,78590000.0,0.0,0.0
985,Manchester United,18/19,True,9,6,5,82700000.0,81000000.0,1700000.0,0.0
969,Montpellier HSC,18/19,True,13,8,6,10150000.0,8200000.0,1950000.0,0.0
1084,Málaga CF,18/19,False,30,13,9,1850000.0,0.0,1850000.0,0.0
762,Newcastle United,18/19,True,19,11,11,56400000.0,49700000.0,6700000.0,3350000.0
1123,Norwich City,18/19,False,22,8,8,4950000.0,1500000.0,3450000.0,500000.0
703,Nottingham Forest,18/19,False,34,21,16,29690000.0,17300000.0,12390000.0,0.0
1160,Nîmes Olympique,18/19,True,13,9,8,3150000.0,3150000.0,0.0,0.0
417,OGC Nice,18/19,True,13,6,5,28000000.0,18000000.0,10000000.0,0.0
1041,Olympique Lyon,18/19,True,17,12,9,46450000.0,36450000.0,10000000.0,0.0
244,Olympique Marseille,18/19,True,12,7,7,66000000.0,66000000.0,0.0,0.0
583,Paris Saint-Germain,18/19,True,20,14,11,262000000.0,262000000.0,0.0,0.0
130,Parma Calcio 1913,18/19,True,46,9,8,20801000.0,7550000.0,13251000.0,3000000.0
23826,RB Leipzig,18/19,True,18,6,6,64630000.0,64630000.0,0.0,1000000.0
826,RC Lens,18/19,False,22,8,8,1550000.0,950000.0,600000.0,0.0
667,RC Strasbourg Alsace,18/19,True,16,12,11,15750000.0,15750000.0,0.0,0.0
714,RCD Espanyol Barcelona,18/19,True,13,6,5,19500000.0,18000000.0,1500000.0,2600000.0
237,RCD Mallorca,18/19,False,25,13,11,750000.0,0.0,750000.0,95000.0
367,Rayo Vallecano,18/19,True,27,13,12,10950000.0,10450000.0,500000.0,1350000.0
150,Real Betis Balompié,18/19,True,18,12,11,44000000.0,38500000.0,5500000.0,3000000.0
418,Real Madrid,18/19,True,16,21,14,164750000.0,164750000.0,0.0,0.0
681,Real Sociedad,18/19,True,12,7,6,12000000.0,12000000.0,0.0,0.0
366,Real Valladolid CF,18/19,True,21,11,9,9600000.0,5600000.0,4000000.0,500000.0
60,SC Freiburg,18/19,True,16,11,10,17800000.0,16500000.0,1300000.0,600000.0
127,SC Paderborn 07,18/19,False,21,5,3,725000.0,0.0,725000.0,75000.0
1533,SD Eibar,18/19,True,15,4,4,8000000.0,0.0,8000000.0,0.0
5358,SD Huesca,18/19,True,21,9,9,8000000.0,4500000.0,3500000.0,1000000.0
1162,SM Caen,18/19,True,25,5,4,9950000.0,0.0,9950000.0,0.0
2722,SPAL,18/19,True,37,9,8,18900000.0,3300000.0,15600000.0,3000000.0
6195,SSC Napoli,18/19,True,26,12,7,70500000.0,58500000.0,12000000.0,0.0
105,SV Darmstadt 98,18/19,False,22,2,2,1650000.0,650000.0,1000000.0,200000.0
86,SV Werder Bremen,18/19,True,21,12,10,25800000.0,22550000.0,3250000.0,0.0
368,Sevilla FC,18/19,True,20,20,14,76750000.0,33550000.0,43200000.0,4300000.0
350,Sheffield United,18/19,False,24,5,4,6700000.0,6700000.0,0.0,0.0
398,Società Sportiva Lazio S.p.A.,18/19,True,26,8,6,51280000.0,37450000.0,13830000.0,0.0
180,Southampton FC,18/19,True,15,15,11,62250000.0,62250000.0,0.0,0.0
65,SpVgg Greuther Fürth,18/19,False,16,5,5,850000.0,200000.0,650000.0,200000.0
3522,Spezia Calcio,18/19,False,33,6,6,631000.0,300000.0,331000.0,0.0
3911,Stade Brestois 29,18/19,False,12,3,2,0.0,0.0,0.0,0.0
1421,Stade Reims,18/19,True,15,12,9,15500000.0,11500000.0,4000000.0,0.0
273,Stade Rennais FC,18/19,True,19,10,8,18000000.0,14000000.0,4000000.0,0.0
512,Stoke City,18/19,False,19,5,4,62900000.0,7200000.0,55700000.0,0.0
2288,Swansea City,18/19,False,19,11,10,7150000.0,7150000.0,0.0,0.0
533,TSG 1899 Hoffenheim,18/19,True,16,12,6,31500000.0,23000000.0,8500000.0,500000.0
416,Torino FC,18/19,True,44,19,13,49550000.0,49550000.0,0.0,3600000.0
148,Tottenham Hotspur,18/19,True,4,2,2,0.0,0.0,0.0,0.0
1038,UC Sampdoria,18/19,True,43,11,11,50450000.0,35100000.0,15350000.0,6250000.0
3302,UD Almería,18/19,False,20,4,4,150000.0,150000.0,0.0,0.0
472,UD Las Palmas,18/19,False,27,10,8,3800000.0,800000.0,3000000.0,100000.0
2239,US Cremonese,18/19,False,35,7,7,3601000.0,0.0,3601000.0,0.0
1005,US Lecce,18/19,False,35,6,5,2360000.0,500000.0,1860000.0,352000.0
380,US Salernitana 1919,18/19,False,37,2,2,2466000.0,650000.0,1816000.0,0.0
6574,US Sassuolo,18/19,True,40,20,16,53220000.0,49470000.0,3750000.0,750000.0
410,Udinese Calcio,18/19,True,42,24,16,51300000.0,39300000.0,12000000.0,1600000.0
1049,Valencia CF,18/19,True,22,16,13,126200000.0,106200000.0,20000000.0,3000000.0
607,Venezia FC,18/19,False,34,4,3,2400000.0,900000.0,1500000.0,0.0
79,VfB Stuttgart,18/19,True,18,12,7,44760000.0,39760000.0,5000000.0,1000000.0
80,VfL Bochum,18/19,False,16,10,9,750000.0,750000.0,0.0,300000.0
82,VfL Wolfsburg,18/19,True,14,10,6,36000000.0,23000000.0,13000000.0,0.0
1050,Villarreal CF,18/19,True,23,20,14,92900000.0,60900000.0,32000000.0,0.0
1010,Watford FC,18/19,True,24,13,10,30100000.0,23350000.0,6750000.0,0.0
984,West Bromwich Albion,18/19,False,19,12,10,12690000.0,8190000.0,4500000.0,2500000.0
379,West Ham United,18/19,True,18,13,12,100900000.0,99400000.0,1500000.0,0.0
543,Wolverhampton Wanderers,18/19,True,27,17,13,113000000.0,97600000.0,15400000.0,4500000.0
2036,1. Fußballclub Heidenheim 1846,19/20,False,14,7,6,5250000.0,4500000.0,750000.0,200000.0
3,1.FC Köln,19/20,True,18,19,14,20250000.0,20250000.0,0.0,0.0
4,1.FC Nuremberg,19/20,False,19,9,9,7350000.0,4900000.0,2450000.0,100000.0
89,1.FC Union Berlin,19/20,True,22,14,11,9650000.0,7150000.0,2500000.0,400000.0
39,1.FSV Mainz 05,19/20,True,15,13,10,30200000.0,29000000.0,1200000.0,500000.0
1147,AC Ajaccio,19/20,False,15,6,6,0.0,0.0,0.0,0.0
5,AC Milan,19/20,True,25,19,14,140700000.0,140700000.0,0.0,3375000.0
2919,AC Monza,19/20,False,24,3,3,1940000.0,0.0,1940000.0,0.0
430,ACF Fiorentina,19/20,True,47,24,20,46400000.0,44500000.0,1900000.0,10100000.0
989,AFC Bournemouth,19/20,True,12,9,6,52210000.0,47760000.0,4450000.0,2700000.0
290,AJ Auxerre,19/20,False,14,3,3,680000.0,0.0,680000.0,0.0
162,AS Monaco,19/20,True,32,30,19,193000000.0,193000000.0,0.0,7000000.0
618,AS Saint-Étienne,19/20,True,25,14,11,13450000.0,9950000.0,3500000.0,0.0
1416,Amiens SC,19/20,True,25,15,14,17350000.0,15150000.0,2200000.0,500000.0
1420,Angers SCO,19/20,True,15,6,4,10400000.0,1500000.0,8900000.0,0.0
10,Arminia Bielefeld,19/20,False,13,1,1,1040000.0,250000.0,790000.0,0.0
11,Arsenal FC,19/20,True,16,17,13,152800000.0,144100000.0,8700000.0,8000000.0
12,Associazione Sportiva Roma,19/20,True,38,22,18,108900000.0,113900000.0,-5000000.0,12100000.0
405,Aston Villa,19/20,True,22,15,13,159100000.0,129600000.0,29500000.0,400000.0
800,Atalanta BC,19/20,True,71,30,19,57650000.0,55400000.0,2250000.0,1412000.0
621,Athletic Bilbao,19/20,True,10,5,4,0.0,0.0,0.0,0.0
13,Atlético de Madrid,19/20,True,19,15,11,247350000.0,246850000.0,500000.0,0.0
15,Bayer 04 Leverkusen,19/20,True,9,8,6,99700000.0,99700000.0,0.0,0.0
27,Bayern Munich,19/20,True,10,9,8,126000000.0,118000000.0,8000000.0,13500000.0
4171,Benevento Calcio,19/20,False,23,3,2,5900000.0,1000000.0,4900000.0,0.0
1025,Bologna Football Club 1909,19/20,True,37,20,14,69545000.0,58930000.0,10615000.0,0.0
16,Borussia Dortmund,19/20,True,17,11,8,147500000.0,101000000.0,46500000.0,1000000.0
18,Borussia Mönchengladbach,19/20,True,6,6,4,40500000.0,40500000.0,0.0,0.0
1148,Brentford FC,19/20,False,22,16,16,34710000.0,31960000.0,2750000.0,0.0
19,Brescia Calcio,19/20,True,18,6,6,18650000.0,11400000.0,7250000.0,0.0
1237,Brighton & Hove Albion,19/20,True,21,14,11,61740000.0,54540000.0,7200000.0,0.0
1132,Burnley FC,19/20,True,8,4,4,23850000.0,22750000.0,1100000.0,0.0
331,CA Osasuna,19/20,True,21,15,11,13950000.0,11700000.0,2250000.0,500000.0
1244,CD Leganés,19/20,True,29,14,11,18400000.0,11200000.0,7200000.0,0.0
1390,Cagliari Calcio,19/20,True,32,21,13,35200000.0,34400000.0,800000.0,4900000.0
603,Cardiff City,19/20,False,17,3,3,18015000.0,6000000.0,12015000.0,0.0
940,Celta de Vigo,19/20,True,18,7,5,20900000.0,20900000.0,0.0,3700000.0
631,Chelsea FC,19/20,True,20,16,8,45000000.0,45000000.0,0.0,0.0
862,Chievo Verona,19/20,False,57,11,8,6080000.0,30000.0,6050000.0,0.0
3524,Clermont Foot 63,19/20,False,16,8,7,0.0,0.0,0.0,0.0
873,Crystal Palace,19/20,True,12,3,3,6100000.0,6100000.0,0.0,1500000.0
2687,Cádiz CF,19/20,False,23,8,6,500000.0,250000.0,250000.0,200000.0
1108,Deportivo Alavés,19/20,True,28,11,9,11770000.0,6540000.0,5230000.0,0.0
897,Deportivo de La Coruña,19/20,False,28,14,12,0.0,0.0,0.0,0.0
2969,Dijon FCO,19/20,True,16,13,11,9965000.0,7665000.0,2300000.0,500000.0
855,EA Guingamp,19/20,False,22,12,8,4400000.0,0.0,4400000.0,0.0
1095,ESTAC Troyes,19/20,False,24,9,9,535000.0,535000.0,0.0,0.0
24,Eintracht Frankfurt,19/20,True,22,15,10,83240000.0,73140000.0,10100000.0,0.0
1531,Elche CF,19/20,False,22,6,6,0.0,0.0,0.0,0.0
29,Everton FC,19/20,True,21,16,13,118500000.0,109000000.0,9500000.0,2500000.0
167,FC Augsburg,19/20,True,20,14,11,31500000.0,27300000.0,4200000.0,1500000.0
131,FC Barcelona,19/20,True,19,20,11,304000000.0,304000000.0,0.0,0.0
4083,FC Crotone,19/20,False,29,4,3,1090000.0,600000.0,490000.0,0.0
749,FC Empoli,19/20,False,50,15,13,11751000.0,2500000.0,9251000.0,860000.0
40,FC Girondins Bordeaux,19/20,True,18,7,6,17000000.0,12000000.0,5000000.0,0.0
1158,FC Lorient,19/20,False,18,7,7,5700000.0,4700000.0,1000000.0,0.0
347,FC Metz,19/20,True,17,15,11,14350000.0,14350000.0,0.0,0.0
995,FC Nantes,19/20,True,22,17,14,17950000.0,15750000.0,2200000.0,800000.0
33,FC Schalke 04,19/20,True,13,12,8,27500000.0,25000000.0,2500000.0,2000000.0
415,FC Toulouse,19/20,True,23,9,8,14000000.0,8000000.0,6000000.0,0.0
38,Fortuna Düsseldorf,19/20,True,18,7,6,9550000.0,6750000.0,2800000.0,1600000.0
8970,Frosinone Calcio,19/20,False,22,4,3,2250000.0,0.0,2250000.0,0.0
931,Fulham FC,19/20,False,14,9,6,26600000.0,20700000.0,5900000.0,4500000.0
252,Genoa CFC,19/20,True,67,36,25,54050100.0,33000000.0,21050100.0,1321000.0
3709,Getafe CF,19/20,True,21,9,8,21500000.0,11000000.0,10500000.0,0.0
12321,Girona FC,19/20,False,28,14,12,4900000.0,3000000.0,1900000.0,800000.0
16795,Granada CF,19/20,True,20,12,12,11240000.0,10240000.0,1000000.0,0.0
41,Hamburger SV,19/20,False,21,7,6,12110000.0,2800000.0,9310000.0,0.0
42,Hannover 96,19/20,False,23,7,6,4050000.0,2650000.0,1400000.0,1100000.0
276,Hellas Verona,19/20,True,52,25,17,21613000.0,16763000.0,4850000.0,495000.0
44,Hertha BSC,19/20,True,15,11,9,106700000.0,104000000.0,2700000.0,4000000.0
1110,Huddersfield Town,19/20,False,25,11,9,13000000.0,12500000.0,500000.0,0.0
46,Inter Milan,19/20,True,47,33,24,177500000.0,177500000.0,0.0,14416000.0
506,Juventus FC,19/20,True,23,12,8,235300000.0,235300000.0,0.0,0.0
1082,LOSC Lille,19/20,True,16,18,13,99400000.0,99400000.0,0.0,0.0
738,Le Havre AC,19/20,False,13,8,8,2050000.0,2050000.0,0.0,0.0
399,Leeds United,19/20,False,22,10,9,290000.0,0.0,290000.0,0.0
1003,Leicester City,19/20,True,12,10,8,104300000.0,104300000.0,0.0,0.0
3368,Levante UD,19/20,True,20,12,7,12600000.0,8600000.0,4000000.0,2000000.0
31,Liverpool FC,19/20,True,13,16,12,10400000.0,10400000.0,0.0,0.0
1031,Luton Town,19/20,False,18,2,2,1815000.0,0.0,1815000.0,0.0
281,Manchester City,19/20,True,22,26,15,169820000.0,169820000.0,0.0,0.0
985,Manchester United,19/20,True,11,13,9,224800000.0,224800000.0,0.0,12000000.0
969,Montpellier HSC,19/20,True,14,5,5,18800000.0,16000000.0,2800000.0,1500000.0
1084,Málaga CF,19/20,False,20,6,4,0.0,0.0,0.0,0.0
762,Newcastle United,19/20,True,12,10,8,66900000.0,66900000.0,0.0,5500000.0
1123,Norwich City,19/20,True,18,10,7,5815000.0,1330000.0,4485000.0,3000000.0
703,Nottingham Forest,19/20,False,20,8,8,8000000.0,4100000.0,3900000.0,0.0
1160,Nîmes Olympique,19/20,True,17,4,3,9850000.0,5250000.0,4600000.0,0.0
417,OGC Nice,19/20,True,15,15,12,50000000.0,50000000.0,0.0,2200000.0
1041,Olympique Lyon,19/20,True,16,12,10,122000000.0,122000000.0,0.0,4000000.0
244,Olympique Marseille,19/20,True,10,3,3,27000000.0,13000000.0,14000000.0,0.0
583,Paris Saint-Germain,19/20,True,20,16,13,95000000.0,63000000.0,32000000.0,0.0
130,Parma Calcio 1913,19/20,True,62,18,12,20709000.0,5373000.0,15336000.0,2600000.0
23826,RB Leipzig,19/20,True,15,9,9,92050000.0,91700000.0,350000.0,6150000.0
826,RC Lens,19/20,False,22,5,5,6135000.0,2500000.0,3635000.0,0.0
667,RC Strasbourg Alsace,19/20,True,8,4,4,11000000.0,7500000.0,3500000.0,0.0
714,RCD Espanyol Barcelona,19/20,True,19,11,11,61500000.0,60000000.0,1500000.0,0.0
237,RCD Mallorca,19/20,True,29,20,16,7000000.0,3700000.0,3300000.0,500000.0
367,Rayo Vallecano,19/20,False,21,7,6,8000000.0,3600000.0,4400000.0,0.0
150,Real Betis Balompié,19/20,True,20,13,10,96450000.0,91450000.0,5000000.0,0.0
418,Real Madrid,19/20,True,21,23,13,359300000.0,238500000.0,120800000.0,2000000.0
681,Real Sociedad,19/20,True,13,14,10,29750000.0,29500000.0,250000.0,2000000.0
366,Real Valladolid CF,19/20,True,20,12,10,1400000.0,0.0,1400000.0,0.0
60,SC Freiburg,19/20,True,14,9,5,17500000.0,11000000.0,6500000.0,0.0
127,SC Paderborn 07,19/20,True,21,8,8,750000.0,550000.0,200000.0,0.0
1533,SD Eibar,19/20,True,18,6,6,17300000.0,11000000.0,6300000.0,0.0
5358,SD Huesca,19/20,False,27,13,10,2000000.0,0.0,2000000.0,0.0
1162,SM Caen,19/20,False,25,7,6,3250000.0,2000000.0,1250000.0,0.0
2722,SPAL,19/20,True,37,16,14,25750000.0,22000000.0,3750000.0,400000.0
6195,SSC Napoli,19/20,True,42,24,17,214615000.0,210150000.0,4465000.0,2500000.0
105,SV Darmstadt 98,19/20,False,20,11,11,2150000.0,2150000.0,0.0,0.0
86,SV Werder Bremen,19/20,True,17,12,8,10000000.0,10000000.0,0.0,3950000.0
368,Sevilla FC,19/20,True,28,24,20,187750000.0,162500000.0,25250000.0,980000.0
350,Sheffield United,19/20,True,22,13,11,72500000.0,59100000.0,13400000.0,0.0
398,Società Sportiva Lazio S.p.A.,19/20,True,36,14,10,49946000.0,45115000.0,4831000.0,0.0
180,Southampton FC,19/20,True,14,14,10,57500000.0,57500000.0,0.0,4000000.0
65,SpVgg Greuther Fürth,19/20,False,12,3,3,600000.0,50000.0,550000.0,0.0
3522,Spezia Calcio,19/20,False,26,6,5,911000.0,101000.0,810000.0,1290000.0
3911,Stade Brestois 29,19/20,True,13,5,5,7500000.0,5500000.0,2000000.0,0.0
1421,Stade Reims,19/20,True,19,13,12,20700000.0,20700000.0,0.0,1000000.0
273,Stade Rennais FC,19/20,True,22,12,10,58100000.0,56600000.0,1500000.0,0.0
512,Stoke City,19/20,False,20,9,7,6700000.0,0.0,6700000.0,0.0
2288,Swansea City,19/20,False,20,13,10,550000.0,550000.0,0.0,0.0
533,TSG 1899 Hoffenheim,19/20,True,22,15,9,54000000.0,42000000.0,12000000.0,850000.0
416,Torino FC,19/20,True,41,15,12,27300000.0,12800000.0,14500000.0,500000.0
148,Tottenham Hotspur,19/20,True,11,13,9,130000000.0,130000000.0,0.0,20500000.0
1038,UC Sampdoria,19/20,True,44,15,14,63550000.0,41300000.0,22250000.0,1700000.0
3302,UD Almería,19/20,False,30,15,14,23700000.0,22100000.0,1600000.0,2320000.0
472,UD Las Palmas,19/20,False,24,12,9,0.0,0.0,0.0,0.0
2239,US Cremonese,19/20,False,18,6,5,3690000.0,1300000.0,2390000.0,0.0
1005,US Lecce,19/20,True,35,16,14,3600000.0,1300000.0,2300000.0,2300000.0
380,US Salernitana 1919,19/20,False,32,4,4,500000.0,0.0,500000.0,200000.0
6574,US Sassuolo,19/20,True,52,28,20,60130000.0,52430000.0,7700000.0,6735000.0
410,Udinese Calcio,19/20,True,36,17,13,17850000.0,10350000.0,7500000.0,0.0
1049,Valencia CF,19/20,True,23,15,12,75000000.0,67000000.0,8000000.0,0.0
607,Venezia FC,19/20,False,33,3,3,200000.0,0.0,200000.0,0.0
79,VfB Stuttgart,19/20,False,28,18,13,24600000.0,18100000.0,6500000.0,800000.0
80,VfL Bochum,19/20,False,16,8,7,650000.0,400000.0,250000.0,0.0
82,VfL Wolfsburg,19/20,True,14,9,7,34800000.0,33700000.0,1100000.0,0.0
1050,Villarreal CF,19/20,True,19,11,6,45800000.0,13300000.0,32500000.0,0.0
1010,Watford FC,19/20,True,20,15,12,56000000.0,56000000.0,0.0,0.0
984,West Bromwich Albion,19/20,False,19,8,8,20700000.0,2600000.0,18100000.0,800000.0
379,West Ham United,19/20,True,10,9,6,115300000.0,115300000.0,0.0,4500000.0
543,Wolverhampton Wanderers,19/20,True,23,19,15,116700000.0,116700000.0,0.0,0.0
2036,1. Fußballclub Heidenheim 1846,20/21,False,13,5,5,2050000.0,2050000.0,0.0,0.0
3,1.FC Köln,20/21,True,21,14,12,16800000.0,10300000.0,6500000.0,1700000.0
4,1.FC Nuremberg,20/21,False,16,5,5,1650000.0,0.0,1650000.0,0.0
89,1.FC Union Berlin,20/21,True,22,12,11,1500000.0,1500000.0,0.0,200000.0
39,1.FSV Mainz 05,20/21,True,14,12,9,2000000.0,2000000.0,0.0,0.0
1147,AC Ajaccio,20/21,False,16,7,5,0.0,0.0,0.0,0.0
5,AC Milan,20/21,True,28,18,14,25220000.0,24220000.0,1000000.0,6800000.0
2919,AC Monza,20/21,False,38,13,12,25030000.0,20010000.0,5020000.0,400000.0
430,ACF Fiorentina,20/21,True,43,24,13,59800000.0,59800000.0,0.0,0.0
989,AFC Bournemouth,20/21,False,13,7,6,700000.0,0.0,700000.0,0.0
290,AJ Auxerre,20/21,False,10,5,5,0.0,0.0,0.0,0.0
162,AS Monaco,20/21,True,30,22,17,51200000.0,51200000.0,0.0,1500000.0
618,AS Saint-Étienne,20/21,True,23,16,12,5500000.0,5500000.0,0.0,700000.0
1416,Amiens SC,20/21,False,29,9,8,5200000.0,0.0,5200000.0,0.0
1420,Angers SCO,20/21,True,17,8,7,11250000.0,11000000.0,250000.0,0.0
10,Arminia Bielefeld,20/21,True,15,8,8,0.0,0.0,0.0,500000.0
11,Arsenal FC,20/21,True,15,16,13,84000000.0,84000000.0,0.0,2000000.0
12,Associazione Sportiva Roma,20/21,True,31,18,14,69500000.0,69500000.0,0.0,5600000.0
405,Aston Villa,20/21,True,12,9,7,101350000.0,101350000.0,0.0,0.0
800,Atalanta BC,20/21,True,59,24,15,58800000.0,51800000.0,7000000.0,3440000.0
621,Athletic Bilbao,20/21,True,12,8,5,11130000.0,11130000.0,0.0,0.0
13,Atlético de Madrid,20/21,True,13,17,12,90500000.0,90500000.0,0.0,1500000.0
15,Bayer 04 Leverkusen,20/21,True,13,10,10,43200000.0,41200000.0,2000000.0,3000000.0
27,Bayern Munich,20/21,True,12,15,11,66000000.0,66000000.0,0.0,0.0
4171,Benevento Calcio,20/21,True,23,7,7,9500000.0,9000000.0,500000.0,2100000.0
1025,Bologna Football Club 1909,20/21,True,28,10,8,1972000.0,1972000.0,0.0,1175000.0
16,Borussia Dortmund,20/21,True,12,10,7,55150000.0,55150000.0,0.0,0.0
18,Borussia Mönchengladbach,20/21,True,13,11,8,10800000.0,10800000.0,0.0,2700000.0
1148,Brentford FC,20/21,False,12,13,10,7300000.0,7300000.0,0.0,0.0
19,Brescia Calcio,20/21,False,14,7,6,2050000.0,2050000.0,0.0,330000.0
1237,Brighton & Hove Albion,20/21,True,21,17,12,54600000.0,46200000.0,8400000.0,0.0
1132,Burnley FC,20/21,True,6,1,1,1100000.0,0.0,1100000.0,0.0
331,CA Osasuna,20/21,True,15,9,8,8250000.0,5000000.0,3250000.0,900000.0
1244,CD Leganés,20/21,False,31,13,13,3500000.0,3500000.0,0.0,0.0
1390,Cagliari Calcio,20/21,True,30,14,13,32380000.0,29380000.0,3000000.0,1800000.0
603,Cardiff City,20/21,False,18,10,9,3500000.0,3200000.0,300000.0,1300000.0
940,Celta de Vigo,20/21,True,10,6,4,3000000.0,3000000.0,0.0,0.0
631,Chelsea FC,20/21,True,27,22,19,267200000.0,267200000.0,0.0,0.0
862,Chievo Verona,20/21,False,33,3,3,1500000.0,1500000.0,0.0,110000.0
3524,Clermont Foot 63,20/21,False,15,6,3,950000.0,950000.0,0.0,0.0
873,Crystal Palace,20/21,True,11,8,8,18900000.0,18900000.0,0.0,3500000.0
2687,Cádiz CF,20/21,True,29,8,8,9400000.0,5700000.0,3700000.0,700000.0
1108,Deportivo Alavés,20/21,True,23,11,9,0.0,0.0,0.0,0.0
897,Deportivo de La Coruña,20/21,False,22,2,2,50000.0,0.0,50000.0,0.0
2969,Dijon FCO,20/21,True,18,12,9,15800000.0,7400000.0,8400000.0,0.0
855,EA Guingamp,20/21,False,20,12,11,0.0,0.0,0.0,0.0
1095,ESTAC Troyes,20/21,False,14,8,8,600000.0,0.0,600000.0,0.0
24,Eintracht Frankfurt,20/21,True,20,12,8,9000000.0,9000000.0,0.0,1750000.0
1531,Elche CF,20/21,True,21,12,11,5600000.0,600000.0,5000000.0,500000.0
29,Everton FC,20/21,True,19,15,13,74370000.0,74370000.0,0.0,0.0
167,FC Augsburg,20/21,True,11,10,6,10300000.0,10300000.0,0.0,0.0
131,FC Barcelona,20/21,True,16,14,12,111940000.0,111940000.0,0.0,0.0
4083,FC Crotone,20/21,True,33,10,9,4890000.0,800000.0,4090000.0,600000.0
749,FC Empoli,20/21,False,30,11,10,5450000.0,950000.0,4500000.0,0.0
40,FC Girondins Bordeaux,20/21,True,13,6,4,0.0,0.0,0.0,0.0
1158,FC Lorient,20/21,True,21,12,9,26500000.0,24500000.0,2000000.0,0.0
347,FC Metz,20/21,True,22,12,11,14700000.0,11000000.0,3700000.0,0.0
995,FC Nantes,20/21,True,11,7,4,5000000.0,5000000.0,0.0,0.0
33,FC Schalke 04,20/21,True,24,15,10,0.0,0.0,0.0,2000000.0
415,FC Toulouse,20/21,False,18,13,10,2350000.0,1850000.0,500000.0,0.0
38,Fortuna Düsseldorf,20/21,False,18,8,8,1350000.0,1350000.0,0.0,1000000.0
8970,Frosinone Calcio,20/21,False,20,2,2,500000.0,0.0,500000.0,0.0
931,Fulham FC,20/21,True,22,11,11,29550000.0,13450000.0,16100000.0,7700000.0
252,Genoa CFC,20/21,True,56,33,24,65050000.0,37800000.0,27250000.0,380000.0
3709,Getafe CF,20/21,True,20,13,11,20800000.0,20800000.0,0.0,1250000.0
12321,Girona FC,20/21,False,23,15,13,0.0,0.0,0.0,0.0
16795,Granada CF,20/21,True,13,11,10,23500000.0,23500000.0,0.0,0.0
41,Hamburger SV,20/21,False,12,5,5,650000.0,0.0,650000.0,0.0
42,Hannover 96,20/21,False,16,7,6,900000.0,750000.0,150000.0,0.0
276,Hellas Verona,20/21,True,50,23,19,15250000.0,12150000.0,3100000.0,3700000.0
44,Hertha BSC,20/21,True,18,11,9,30000000.0,26000000.0,4000000.0,1250000.0
1110,Huddersfield Town,20/21,False,24,6,5,700000.0,0.0,700000.0,0.0
46,Inter Milan,20/21,True,33,27,16,132750000.0,131250000.0,1500000.0,0.0
506,Juventus FC,20/21,True,19,17,12,124800000.0,124800000.0,0.0,37100000.0
1082,LOSC Lille,20/21,True,15,14,9,40430000.0,35000000.0,5430000.0,0.0
738,Le Havre AC,20/21,False,11,5,5,0.0,0.0,0.0,0.0
399,Leeds United,20/21,True,14,7,6,127800000.0,75800000.0,52000000.0,0.0
1003,Leicester City,20/21,True,15,11,8,55900000.0,55900000.0,0.0,3500000.0
3368,Levante UD,20/21,True,15,6,4,8000000.0,6000000.0,2000000.0,0.0
31,Liverpool FC,20/21,True,15,14,12,82300000.0,82300000.0,0.0,2500000.0
1031,Luton Town,20/21,False,17,11,9,0.0,0.0,0.0,0.0
281,Manchester City,20/21,True,22,23,13,173400000.0,167400000.0,6000000.0,0.0
985,Manchester United,20/21,True,14,17,10,89950000.0,89950000.0,0.0,0.0
969,Montpellier HSC,20/21,True,9,4,4,13100000.0,13100000.0,0.0,0.0
1084,Málaga CF,20/21,False,26,5,5,0.0,0.0,0.0,0.0
762,Newcastle United,20/21,True,9,9,7,38750000.0,38750000.0,0.0,0.0
1123,Norwich City,20/21,False,24,12,10,9985000.0,3300000.0,6685000.0,3300000.0
703,Nottingham Forest,20/21,False,22,11,8,16540000.0,15170000.0,1370000.0,0.0
1160,Nîmes Olympique,20/21,True,11,5,5,11250000.0,6900000.0,4350000.0,0.0
417,OGC Nice,20/21,True,25,25,19,29230000.0,29230000.0,0.0,0.0
1041,Olympique Lyon,20/21,True,14,13,8,36600000.0,24850000.0,11750000.0,0.0
244,Olympique Marseille,20/21,True,11,10,7,12000000.0,8000000.0,4000000.0,5420000.0
583,Paris Saint-Germain,20/21,True,15,16,12,57500000.0,56000000.0,1500000.0,4500000.0
130,Parma Calcio 1913,20/21,True,55,24,22,99830000.0,73130000.0,26700000.0,4500000.0
23826,RB Leipzig,20/21,True,11,11,8,71000000.0,71000000.0,0.0,1000000.0
826,RC Lens,20/21,True,15,11,11,19000000.0,18000000.0,1000000.0,0.0
667,RC Strasbourg Alsace,20/21,True,7,4,3,12000000.0,10000000.0,2000000.0,0.0
714,RCD Espanyol Barcelona,20/21,False,10,4,3,2500000.0,500000.0,2000000.0,260000.0
237,RCD Mallorca,20/21,False,23,7,6,3650000.0,3650000.0,0.0,0.0
367,Rayo Vallecano,20/21,False,13,6,6,0.0,0.0,0.0,0.0
150,Real Betis Balompié,20/21,True,16,8,6,0.0,0.0,0.0,0.0
418,Real Madrid,20/21,True,14,10,4,0.0,0.0,0.0,0.0
681,Real Sociedad,20/21,True,11,5,4,10000000.0,10000000.0,0.0,0.0
366,Real Valladolid CF,20/21,True,27,13,12,9350000.0,9150000.0,200000.0,500000.0
60,SC Freiburg,20/21,True,15,10,7,13700000.0,13700000.0,0.0,650000.0
127,SC Paderborn 07,20/21,False,21,7,6,0.0,0.0,0.0,0.0
1533,SD Eibar,20/21,True,13,6,5,2000000.0,0.0,2000000.0,0.0
5358,SD Huesca,20/21,True,20,7,6,4000000.0,2500000.0,1500000.0,650000.0
1162,SM Caen,20/21,False,17,6,5,0.0,0.0,0.0,0.0
2722,SPAL,20/21,False,27,12,10,19501000.0,19500000.0,1000.0,0.0
6195,SSC Napoli,20/21,True,34,15,8,79400000.0,78900000.0,500000.0,1750000.0
105,SV Darmstadt 98,20/21,False,10,5,4,0.0,0.0,0.0,0.0
86,SV Werder Bremen,20/21,True,19,16,12,11000000.0,11000000.0,0.0,0.0
368,Sevilla FC,20/21,True,22,16,12,74350000.0,72350000.0,2000000.0,0.0
350,Sheffield United,20/21,True,14,11,9,62700000.0,62700000.0,0.0,0.0
398,Società Sportiva Lazio S.p.A.,20/21,True,27,17,10,41300000.0,33700000.0,7600000.0,1000000.0
180,Southampton FC,20/21,True,20,12,11,37300000.0,25300000.0,12000000.0,0.0
65,SpVgg Greuther Fürth,20/21,False,8,1,1,0.0,0.0,0.0,0.0
3522,Spezia Calcio,20/21,True,33,12,12,3700000.0,3700000.0,0.0,1420000.0
3911,Stade Brestois 29,20/21,True,16,13,11,16100000.0,15600000.0,500000.0,0.0
1421,Stade Reims,20/21,True,7,12,6,11200000.0,11200000.0,0.0,0.0
273,Stade Rennais FC,20/21,True,16,16,10,67000000.0,67000000.0,0.0,3560000.0
512,Stoke City,20/21,False,25,15,11,2200000.0,2200000.0,0.0,0.0
2288,Swansea City,20/21,False,25,13,13,1963000.0,1168000.0,795000.0,0.0
533,TSG 1899 Hoffenheim,20/21,True,18,11,9,3750000.0,3750000.0,0.0,250000.0
416,Torino FC,20/21,True,34,15,11,43150000.0,43150000.0,0.0,3550000.0
148,Tottenham Hotspur,20/21,True,13,13,10,107500000.0,107500000.0,0.0,3000000.0
1038,UC Sampdoria,20/21,True,31,15,11,15450000.0,12750000.0,2700000.0,2300000.0
3302,UD Almería,20/21,False,31,21,17,27150000.0,20200000.0,6950000.0,0.0
472,UD Las Palmas,20/21,False,18,7,7,0.0,0.0,0.0,150000.0
2239,US Cremonese,20/21,False,20,4,4,1070000.0,800000.0,270000.0,0.0
1005,US Lecce,20/21,False,33,13,12,4060000.0,3860000.0,200000.0,0.0
380,US Salernitana 1919,20/21,False,39,8,7,1865000.0,700000.0,1165000.0,0.0
6574,US Sassuolo,20/21,True,33,19,13,29660000.0,29360000.0,300000.0,0.0
410,Udinese Calcio,20/21,True,31,17,13,22000500.0,22000000.0,500.0,1000000.0
1049,Valencia CF,20/21,True,14,8,7,0.0,0.0,0.0,50000.0
607,Venezia FC,20/21,False,25,6,6,4570000.0,300000.0,4270000.0,0.0
79,VfB Stuttgart,20/21,True,16,10,10,14200000.0,14200000.0,0.0,750000.0
80,VfL Bochum,20/21,False,9,4,3,0.0,0.0,0.0,0.0
82,VfL Wolfsburg,20/21,True,12,9,6,20000000.0,20000000.0,0.0,2000000.0
1050,Villarreal CF,20/21,True,24,15,12,36590000.0,36590000.0,0.0,1250000.0
1010,Watford FC,20/21,False,27,13,11,0.0,0.0,0.0,0.0
984,West Bromwich Albion,20/21,True,21,8,7,40560000.0,21750000.0,18810000.0,1580000.0
379,West Ham United,20/21,True,14,10,8,46900000.0,46900000.0,0.0,3400000.0
543,Wolverhampton Wanderers,20/21,True,19,22,14,84589000.0,84589000.0,0.0,3000000.0
2036,1. Fußballclub Heidenheim 1846,21/22,False,8,5,4,3500000.0,3500000.0,0.0,350000.0
3,1.FC Köln,21/22,True,21,12,11,0.0,0.0,0.0,550000.0
4,1.FC Nuremberg,21/22,False,14,5,4,1600000.0,1600000.0,0.0,50000.0
89,1.FC Union Berlin,21/22,True,23,20,15,20100000.0,18100000.0,2000000.0,0.0
39,1.FSV Mainz 05,21/22,True,15,14,9,7000000.0,7000000.0,0.0,900000.0
1147,AC Ajaccio,21/22,False,7,4,3,0.0,0.0,0.0,0.0
5,AC Milan,21/22,True,25,21,17,90080000.0,90080000.0,0.0,10363000.0
2919,AC Monza,21/22,False,25,8,7,3250000.0,2800000.0,450000.0,200000.0
430,ACF Fiorentina,21/22,True,41,19,12,66420000.0,66420000.0,0.0,1500000.0
989,AFC Bournemouth,21/22,False,18,14,13,12640000.0,10000000.0,2640000.0,2100000.0
290,AJ Auxerre,21/22,False,9,4,4,0.0,0.0,0.0,0.0
162,AS Monaco,21/22,True,22,12,9,46300000.0,46300000.0,0.0,4000000.0
618,AS Saint-Étienne,21/22,True,14,6,5,0.0,0.0,0.0,600000.0
1416,Amiens SC,21/22,False,22,10,9,2000000.0,2000000.0,0.0,450000.0
1420,Angers SCO,21/22,True,11,5,4,1870000.0,1370000.0,500000.0,0.0
10,Arminia Bielefeld,21/22,True,23,14,13,9350000.0,8550000.0,800000.0,75000.0
11,Arsenal FC,21/22,True,13,18,12,167400000.0,167400000.0,0.0,0.0
12,Associazione Sportiva Roma,21/22,True,35,25,17,130730000.0,130730000.0,0.0,1500000.0
405,Aston Villa,21/22,True,20,20,16,129800000.0,129800000.0,0.0,0.0
800,Atalanta BC,21/22,True,63,32,19,71600000.0,71600000.0,0.0,500000.0
621,Athletic Bilbao,21/22,True,6,6,3,0.0,0.0,0.0,0.0
13,Atlético de Madrid,21/22,True,19,21,14,75700000.0,75700000.0,0.0,10000000.0
15,Bayer 04 Leverkusen,21/22,True,12,11,8,55350000.0,55350000.0,0.0,0.0
27,Bayern Munich,21/22,True,14,13,12,57500000.0,57500000.0,0.0,0.0
4171,Benevento Calcio,21/22,False,30,4,3,0.0,0.0,0.0,450000.0
1025,Bologna Football Club 1909,21/22,True,36,13,11,32305000.0,32305000.0,0.0,0.0
16,Borussia Dortmund,21/22,True,10,5,5,45000000.0,45000000.0,0.0,0.0
18,Borussia Mönchengladbach,21/22,True,10,7,5,17000000.0,17000000.0,0.0,0.0
1148,Brentford FC,21/22,True,17,14,12,37200000.0,37200000.0,0.0,1000000.0
19,Brescia Calcio,21/22,False,25,7,6,3700000.0,0.0,3700000.0,0.0
1237,Brighton & Hove Albion,21/22,True,22,18,11,75580000.0,52580000.0,23000000.0,0.0
1132,Burnley FC,21/22,True,8,6,6,49400000.0,49400000.0,0.0,0.0
331,CA Osasuna,21/22,True,14,8,7,8700000.0,8000000.0,700000.0,0.0
1244,CD Leganés,21/22,False,23,10,10,0.0,0.0,0.0,0.0
1390,Cagliari Calcio,21/22,True,28,19,14,12825000.0,12825000.0,0.0,1000000.0
603,Cardiff City,21/22,False,19,8,8,2340000.0,0.0,2340000.0,0.0
940,Celta de Vigo,21/22,True,13,11,7,9000000.0,9000000.0,0.0,1022000.0
631,Chelsea FC,21/22,True,18,11,8,113000000.0,113000000.0,0.0,5000000.0
862,Chievo Verona,21/22,False,14,0,0,0.0,0.0,0.0,0.0
3524,Clermont Foot 63,21/22,True,16,10,10,0.0,0.0,0.0,0.0
873,Crystal Palace,21/22,True,11,10,9,85620000.0,85620000.0,0.0,0.0
2687,Cádiz CF,21/22,True,24,15,12,6100000.0,4100000.0,2000000.0,0.0
1108,Deportivo Alavés,21/22,True,25,18,15,1150000.0,1150000.0,0.0,450000.0
897,Deportivo de La Coruña,21/22,False,23,2,2,0.0,0.0,0.0,0.0
2969,Dijon FCO,21/22,False,21,3,1,0.0,0.0,0.0,0.0
855,EA Guingamp,21/22,False,19,6,4,50000.0,0.0,50000.0,0.0
1095,ESTAC Troyes,21/22,True,23,15,14,20800000.0,16500000.0,4300000.0,1000000.0
24,Eintracht Frankfurt,21/22,True,21,15,13,9190000.0,9190000.0,0.0,5600000.0
1531,Elche CF,21/22,True,19,16,13,8200000.0,8200000.0,0.0,0.0
29,Everton FC,21/22,True,13,14,10,39500000.0,39500000.0,0.0,0.0
167,FC Augsburg,21/22,True,13,9,8,23560000.0,23560000.0,0.0,500000.0
131,FC Barcelona,21/22,True,20,18,13,69000000.0,69000000.0,0.0,500000.0
4083,FC Crotone,21/22,False,44,19,16,1760000.0,1250000.0,510000.0,0.0
749,FC Empoli,21/22,True,39,23,18,9700000.0,9200000.0,500000.0,800000.0
40,FC Girondins Bordeaux,21/22,True,23,12,11,9050000.0,4000000.0,5050000.0,1000000.0
1158,FC Lorient,21/22,True,14,15,11,10500000.0,10500000.0,0.0,0.0
347,FC Metz,21/22,True,19,17,10,2500000.0,2500000.0,0.0,0.0
995,FC Nantes,21/22,True,12,7,6,7500000.0,7500000.0,0.0,0.0
33,FC Schalke 04,21/22,False,31,22,17,2150000.0,2150000.0,0.0,100000.0
415,FC Toulouse,21/22,False,20,10,10,5893000.0,2738000.0,3155000.0,0.0
38,Fortuna Düsseldorf,21/22,False,13,5,4,1720000.0,0.0,1720000.0,100000.0
8970,Frosinone Calcio,21/22,False,37,15,13,470000.0,350000.0,120000.0,0.0
931,Fulham FC,21/22,False,13,8,7,22000000.0,22000000.0,0.0,0.0
252,Genoa CFC,21/22,True,66,39,27,38500000.0,36500000.0,2000000.0,2740000.0
3709,Getafe CF,21/22,True,22,21,19,13660000.0,11160000.0,2500000.0,1500000.0
12321,Girona FC,21/22,False,17,5,4,0.0,0.0,0.0,0.0
16795,Granada CF,21/22,True,20,18,14,19040000.0,19040000.0,0.0,0.0
41,Hamburger SV,21/22,False,18,9,9,3900000.0,2800000.0,1100000.0,1400000.0
42,Hannover 96,21/22,False,16,7,7,350000.0,200000.0,150000.0,50000.0
276,Hellas Verona,21/22,True,35,27,19,38800000.0,38800000.0,0.0,3470000.0
44,Hertha BSC,21/22,True,18,20,13,27400000.0,26900000.0,500000.0,0.0
1110,Huddersfield Town,21/22,False,19,7,6,0.0,0.0,0.0,0.0
46,Inter Milan,21/22,True,34,21,14,36550000.0,36550000.0,0.0,6000000.0
506,Juventus FC,21/22,True,19,20,13,136550000.0,136550000.0,0.0,7000000.0
1082,LOSC Lille,21/22,True,16,7,5,26570000.0,26570000.0,0.0,0.0
738,Le Havre AC,21/22,False,11,8,7,1200000.0,0.0,1200000.0,0.0
399,Leeds United,21/22,True,12,12,10,59300000.0,59300000.0,0.0,0.0
1003,Leicester City,21/22,True,11,7,6,67600000.0,37600000.0,30000000.0,0.0
3368,Levante UD,21/22,True,13,4,3,875000.0,0.0,875000.0,0.0
31,Liverpool FC,21/22,True,14,10,10,89000000.0,89000000.0,0.0,0.0
1031,Luton Town,21/22,False,17,8,7,0.0,0.0,0.0,0.0
281,Manchester City,21/22,True,20,21,16,138900000.0,138900000.0,0.0,0.0
985,Manchester United,21/22,True,15,16,14,142000000.0,142000000.0,0.0,0.0
969,Montpellier HSC,21/22,True,12,8,8,0.0,0.0,0.0,200000.0
1084,Málaga CF,21/22,False,19,6,6,0.0,0.0,0.0,250000.0
762,Newcastle United,21/22,True,11,10,9,138500000.0,130500000.0,8000000.0,0.0
1123,Norwich City,21/22,True,27,15,15,58050000.0,48750000.0,9300000.0,5500000.0
703,Nottingham Forest,21/22,False,21,14,13,7994000.0,6759000.0,1235000.0,0.0
1160,Nîmes Olympique,21/22,False,11,5,5,500000.0,0.0,500000.0,0.0
417,OGC Nice,21/22,True,22,17,13,63000000.0,63000000.0,0.0,0.0
1041,Olympique Lyon,21/22,True,22,16,14,21000000.0,21000000.0,0.0,1920000.0
244,Olympique Marseille,21/22,True,20,19,16,52900000.0,49900000.0,3000000.0,1220000.0
583,Paris Saint-Germain,21/22,True,22,22,18,84000000.0,84000000.0,0.0,7000000.0
130,Parma Calcio 1913,21/22,False,54,29,19,33640000.0,25270000.0,8370000.0,0.0
23826,RB Leipzig,21/22,True,17,20,12,126220000.0,126220000.0,0.0,0.0
826,RC Lens,21/22,True,17,13,10,23100000.0,23100000.0,0.0,0.0
667,RC Strasbourg Alsace,21/22,True,15,17,13,4500000.0,4500000.0,0.0,0.0
714,RCD Espanyol Barcelona,21/22,True,11,10,8,5500000.0,3200000.0,2300000.0,500000.0
237,RCD Mallorca,21/22,True,21,16,12,9000000.0,9000000.0,0.0,1000000.0
367,Rayo Vallecano,21/22,True,16,19,13,4300000.0,4300000.0,0.0,0.0
150,Real Betis Balompié,21/22,True,9,9,8,3250000.0,3250000.0,0.0,960000.0
418,Real Madrid,21/22,True,10,8,4,31000000.0,31000000.0,0.0,0.0
681,Real Sociedad,21/22,True,7,8,6,500000.0,500000.0,0.0,2000000.0
366,Real Valladolid CF,21/22,False,22,13,8,2000000.0,2000000.0,0.0,0.0
60,SC Freiburg,21/22,True,14,8,7,9500000.0,9500000.0,0.0,0.0
127,SC Paderborn 07,21/22,False,23,8,7,700000.0,700000.0,0.0,0.0
1533,SD Eibar,21/22,False,21,2,2,4600000.0,0.0,4600000.0,0.0
5358,SD Huesca,21/22,False,19,8,7,6300000.0,6000000.0,300000.0,600000.0
1162,SM Caen,21/22,False,18,8,6,500000.0,0.0,500000.0,0.0
2722,SPAL,21/22,False,35,11,7,4690000.0,4500000.0,190000.0,60000.0
6195,SSC Napoli,21/22,True,25,13,9,22100000.0,22100000.0,0.0,2300000.0
105,SV Darmstadt 98,21/22,False,16,9,9,430000.0,30000.0,400000.0,0.0
86,SV Werder Bremen,21/22,False,19,13,11,4450000.0,4450000.0,0.0,0.0
368,Sevilla FC,21/22,True,17,14,12,41500000.0,41500000.0,0.0,0.0
350,Sheffield United,21/22,False,15,14,11,300000.0,300000.0,0.0,0.0
398,Società Sportiva Lazio S.p.A.,21/22,True,33,16,13,13300000.0,13300000.0,0.0,500000.0
180,Southampton FC,21/22,True,9,7,6,63400000.0,63400000.0,0.0,0.0
65,SpVgg Greuther Fürth,21/22,True,18,11,11,1400000.0,550000.0,850000.0,0.0
3522,Spezia Calcio,21/22,True,36,26,20,27400000.0,22240000.0,5160000.0,2785000.0
3911,Stade Brestois 29,21/22,True,14,9,9,5250000.0,5250000.0,0.0,0.0
1421,Stade Reims,21/22,True,21,21,14,16000000.0,16000000.0,0.0,0.0
273,Stade Rennais FC,21/22,True,23,16,14,81740000.0,81740000.0,0.0,0.0
512,Stoke City,21/22,False,26,9,9,4650000.0,2900000.0,1750000.0,0.0
2288,Swansea City,21/22,False,21,9,9,5925000.0,5345000.0,580000.0,0.0
533,TSG 1899 Hoffenheim,21/22,True,13,13,9,0.0,0.0,0.0,0.0
416,Torino FC,21/22,True,31,16,12,10400000.0,10400000.0,0.0,3000000.0
148,Tottenham Hotspur,21/22,True,14,15,11,85900000.0,85900000.0,0.0,10000000.0
1038,UC Sampdoria,21/22,True,41,12,11,13507000.0,2500000.0,11007000.0,1000000.0
3302,UD Almería,21/22,False,26,10,8,13550000.0,12950000.0,600000.0,100000.0
472,UD Las Palmas,21/22,False,17,13,11,15000.0,0.0,15000.0,0.0
2239,US Cremonese,21/22,False,27,6,6,715000.0,30000.0,685000.0,900000.0
1005,US Lecce,21/22,False,30,8,7,3400000.0,2650000.0,750000.0,0.0
380,US Salernitana 1919,21/22,True,51,21,19,12870500.0,10600000.0,2270500.0,1201000.0
6574,US Sassuolo,21/22,True,46,23,13,34120000.0,33970000.0,150000.0,6000000.0
410,Udinese Calcio,21/22,True,25,17,14,9400000.0,9400000.0,0.0,0.0
1049,Valencia CF,21/22,True,14,14,11,15650000.0,15650000.0,0.0,500000.0
607,Venezia FC,21/22,True,34,19,16,18690000.0,16390000.0,2300000.0,1700000.0
79,VfB Stuttgart,21/22,True,15,15,13,16850000.0,16850000.0,0.0,600000.0
80,VfL Bochum,21/22,True,12,9,8,0.0,0.0,0.0,0.0
82,VfL Wolfsburg,21/22,True,24,22,17,81780000.0,76780000.0,5000000.0,0.0
1050,Villarreal CF,21/22,True,17,14,10,54500000.0,54500000.0,0.0,0.0
1010,Watford FC,21/22,True,27,22,17,42500000.0,34500000.0,8000000.0,1000000.0
984,West Bromwich Albion,21/22,False,14,1,1,8630000.0,0.0,8630000.0,0.0
379,West Ham United,21/22,True,9,8,7,67300000.0,67300000.0,0.0,7200000.0
543,Wolverhampton Wanderers,21/22,True,21,23,18,31600000.0,31600000.0,0.0,6000000.0
2036,1. Fußballclub Heidenheim 1846,22/23,False,9,5,5,1750000.0,1750000.0,0.0,0.0
3,1.FC Köln,22/23,True,14,14,11,7250000.0,6750000.0,500000.0,0.0
4,1.FC Nuremberg,22/23,False,20,6,6,1820000.0,0.0,1820000.0,0.0
89,1.FC Union Berlin,22/23,True,22,17,14,24150000.0,24150000.0,0.0,500000.0
39,1.FSV Mainz 05,22/23,True,21,16,13,23800000.0,21800000.0,2000000.0,0.0
1147,AC Ajaccio,22/23,True,17,3,3,300000.0,0.0,300000.0,0.0
5,AC Milan,22/23,True,28,15,12,60460000.0,59960000.0,500000.0,1330000.0
2919,AC Monza,22/23,True,33,25,20,40610000.0,34020000.0,6590000.0,10290000.0
430,ACF Fiorentina,22/23,True,32,18,13,35660000.0,35660000.0,0.0,490000.0
989,AFC Bournemouth,22/23,True,16,18,14,92650000.0,92650000.0,0.0,750000.0
290,AJ Auxerre,22/23,True,22,18,16,2250000.0,2250000.0,0.0,0.0
162,AS Monaco,22/23,True,18,18,13,42500000.0,42500000.0,0.0,1000000.0
618,AS Saint-Étienne,22/23,False,23,18,14,5700000.0,4700000.0,1000000.0,0.0
1416,Amiens SC,22/23,False,24,10,9,4300000.0,4300000.0,0.0,390000.0
1420,Angers SCO,22/23,True,24,13,12,6000000.0,4000000.0,2000000.0,0.0
10,Arminia Bielefeld,22/23,False,22,4,4,1600000.0,1250000.0,350000.0,0.0
11,Arsenal FC,22/23,True,22,23,16,186200000.0,186400000.0,-200000.0,0.0
12,Associazione Sportiva Roma,22/23,True,28,19,15,7400000.0,7400000.0,0.0,2000000.0
405,Aston Villa,22/23,True,22,19,17,112500000.0,112500000.0,0.0,500000.0
800,Atalanta BC,22/23,True,70,30,20,112900000.0,112900000.0,0.0,0.0
621,Athletic Bilbao,22/23,True,14,12,8,0.0,0.0,0.0,0.0
13,Atlético de Madrid,22/23,True,21,23,15,29500000.0,29500000.0,0.0,0.0
15,Bayer 04 Leverkusen,22/23,True,12,9,6,15100000.0,15100000.0,0.0,0.0
27,Bayern Munich,22/23,True,17,16,11,146500000.0,146500000.0,0.0,0.0
4171,Benevento Calcio,22/23,False,32,5,5,6880001.0,2500000.0,4380001.0,900000.0
1025,Bologna Football Club 1909,22/23,True,32,24,18,50650000.0,48200000.0,2450000.0,4050000.0
16,Borussia Dortmund,22/23,True,12,13,11,109100000.0,99500000.0,9600000.0,0.0
18,Borussia Mönchengladbach,22/23,True,14,10,9,24000000.0,24000000.0,0.0,0.0
1148,Brentford FC,22/23,True,17,21,14,48250000.0,48250000.0,0.0,1000000.0
19,Brescia Calcio,22/23,False,26,7,7,2355000.0,1855000.0,500000.0,0.0
1237,Brighton & Hove Albion,22/23,True,20,14,11,55700000.0,55700000.0,0.0,0.0
1132,Burnley FC,22/23,False,26,28,22,43050000.0,43400000.0,-350000.0,0.0
331,CA Osasuna,22/23,True,11,10,8,1800000.0,1800000.0,0.0,200000.0
1244,CD Leganés,22/23,False,22,10,6,0.0,0.0,0.0,0.0
1390,Cagliari Calcio,22/23,False,35,20,14,7268000.0,6090000.0,1178000.0,0.0
603,Cardiff City,22/23,False,24,6,6,655000.0,600000.0,55000.0,0.0
940,Celta de Vigo,22/23,True,20,19,14,24730000.0,23730000.0,1000000.0,1000000.0
631,Chelsea FC,22/23,True,25,31,22,616250000.0,616250000.0,0.0,14000000.0
3524,Clermont Foot 63,22/23,True,24,13,11,2300000.0,2300000.0,0.0,0.0
873,Crystal Palace,22/23,True,11,13,9,46600000.0,46600000.0,0.0,0.0
2687,Cádiz CF,22/23,True,26,18,17,12380000.0,11500000.0,880000.0,0.0
1108,Deportivo Alavés,22/23,False,20,14,13,0.0,0.0,0.0,0.0
897,Deportivo de La Coruña,22/23,False,22,4,4,1000000.0,1000000.0,0.0,50000.0
2969,Dijon FCO,22/23,False,14,6,4,0.0,0.0,0.0,0.0
855,EA Guingamp,22/23,False,17,8,7,750000.0,0.0,750000.0,0.0
1095,ESTAC Troyes,22/23,True,24,20,15,24800000.0,18800000.0,6000000.0,0.0
24,Eintracht Frankfurt,22/23,True,23,21,16,28500000.0,28500000.0,0.0,0.0
1531,Elche CF,22/23,True,19,13,12,12960000.0,12960000.0,0.0,200000.0
29,Everton FC,22/23,True,15,20,13,83070000.0,83070000.0,0.0,0.0
167,FC Augsburg,22/23,True,21,21,17,13250000.0,13250000.0,0.0,890000.0
131,FC Barcelona,22/23,True,16,17,11,159000000.0,159000000.0,0.0,0.0
4083,FC Crotone,22/23,False,37,4,2,1823000.0,1600000.0,223000.0,0.0
749,FC Empoli,22/23,True,47,31,25,13350000.0,13350000.0,0.0,2500000.0
40,FC Girondins Bordeaux,22/23,False,21,9,8,9000000.0,2000000.0,7000000.0,0.0
1158,FC Lorient,22/23,True,27,26,20,29200000.0,29200000.0,0.0,1000000.0
347,FC Metz,22/23,False,19,12,8,2000000.0,600000.0,1400000.0,0.0
995,FC Nantes,22/23,True,14,12,11,12200000.0,12200000.0,0.0,250000.0
33,FC Schalke 04,22/23,True,33,28,23,7280000.0,7280000.0,0.0,1350000.0
415,FC Toulouse,22/23,True,15,17,13,14400000.0,14400000.0,0.0,300000.0
38,Fortuna Düsseldorf,22/23,False,11,6,5,1900000.0,1900000.0,0.0,500000.0
8970,Frosinone Calcio,22/23,False,41,16,13,2450000.0,1550000.0,900000.0,185000.0
931,Fulham FC,22/23,True,18,17,14,76100000.0,76100000.0,0.0,0.0
252,Genoa CFC,22/23,False,55,23,16,8500000.0,8500000.0,0.0,300000.0
3709,Getafe CF,22/23,True,20,17,13,15750000.0,15750000.0,0.0,0.0
12321,Girona FC,22/23,True,24,27,20,24500000.0,21500000.0,3000000.0,500000.0
16795,Granada CF,22/23,False,24,18,17,3250000.0,3250000.0,0.0,0.0
41,Hamburger SV,22/23,False,17,9,8,9950000.0,6200000.0,3750000.0,0.0
42,Hannover 96,22/23,False,17,6,5,500000.0,500000.0,0.0,0.0
276,Hellas Verona,22/23,True,43,40,28,45810000.0,45710000.0,100000.0,650000.0
44,Hertha BSC,22/23,True,25,15,12,8850000.0,7350000.0,1500000.0,0.0
1110,Huddersfield Town,22/23,False,32,9,9,5320000.0,0.0,5320000.0,0.0
46,Inter Milan,22/23,True,43,38,27,54700000.0,54700000.0,0.0,10980000.0
506,Juventus FC,22/23,True,25,27,18,126100000.0,126100000.0,0.0,3250000.0
1082,LOSC Lille,22/23,True,16,15,14,25500000.0,25500000.0,0.0,0.0
738,Le Havre AC,22/23,False,23,16,16,500000.0,500000.0,0.0,0.0
399,Leeds United,22/23,True,23,15,15,162640000.0,156840000.0,5800000.0,1250000.0
1003,Leicester City,22/23,True,10,8,6,48000000.0,48000000.0,0.0,1000000.0
3368,Levante UD,22/23,False,15,8,6,1050000.0,300000.0,750000.0,0.0
31,Liverpool FC,22/23,True,9,10,8,136400000.0,136400000.0,0.0,4500000.0
1031,Luton Town,22/23,False,20,13,12,2665000.0,2450000.0,215000.0,0.0
281,Manchester City,22/23,True,25,18,15,155000000.0,155000000.0,0.0,0.0
985,Manchester United,22/23,True,20,23,17,237370000.0,238020000.0,-650000.0,5130000.0
969,Montpellier HSC,22/23,True,15,14,13,9000000.0,9000000.0,0.0,500000.0
1084,Málaga CF,22/23,False,23,5,4,0.0,0.0,0.0,150000.0
762,Newcastle United,22/23,True,13,15,12,189100000.0,189100000.0,0.0,0.0
1123,Norwich City,22/23,False,15,8,7,14400000.0,14400000.0,0.0,600000.0
703,Nottingham Forest,22/23,True,37,42,33,188850000.0,188850000.0,0.0,9500000.0
1160,Nîmes Olympique,22/23,False,18,5,5,0.0,0.0,0.0,0.0
417,OGC Nice,22/23,True,28,28,20,80500000.0,80500000.0,0.0,2500000.0
1041,Olympique Lyon,22/23,True,18,23,16,32450000.0,32450000.0,0.0,0.0
244,Olympique Marseille,22/23,True,26,30,24,119550000.0,119550000.0,0.0,2000000.0
583,Paris Saint-Germain,22/23,True,25,22,13,147000000.0,147000000.0,0.0,0.0
130,Parma Calcio 1913,22/23,False,42,17,14,18940000.0,12200000.0,6740000.0,0.0
23826,RB Leipzig,22/23,True,26,13,10,58000000.0,58000000.0,0.0,1500000.0
826,RC Lens,22/23,True,21,13,12,43940000.0,43590000.0,350000.0,0.0
667,RC Strasbourg Alsace,22/23,True,19,18,13,7000000.0,7000000.0,0.0,0.0
714,RCD Espanyol Barcelona,22/23,True,26,21,17,20000000.0,20000000.0,0.0,600000.0
237,RCD Mallorca,22/23,True,18,14,13,16900000.0,13020000.0,3880000.0,400000.0
367,Rayo Vallecano,22/23,True,17,12,10,14300000.0,14300000.0,0.0,0.0
150,Real Betis Balompié,22/23,True,10,10,9,27400000.0,27400000.0,0.0,0.0
418,Real Madrid,22/23,True,10,9,6,80000000.0,80000000.0,0.0,0.0
681,Real Sociedad,22/23,True,17,15,12,53500000.0,53500000.0,0.0,1500000.0
366,Real Valladolid CF,22/23,True,26,16,12,12300000.0,11800000.0,500000.0,0.0
60,SC Freiburg,22/23,True,9,9,6,17800000.0,17950000.0,-150000.0,0.0
127,SC Paderborn 07,22/23,False,18,4,4,450000.0,200000.0,250000.0,0.0
1533,SD Eibar,22/23,False,16,9,7,1900000.0,1000000.0,900000.0,0.0
5358,SD Huesca,22/23,False,20,8,7,250000.0,0.0,250000.0,75000.0
1162,SM Caen,22/23,False,20,12,9,1200000.0,1200000.0,0.0,0.0
2722,SPAL,22/23,False,40,9,6,1181000.0,161000.0,1020000.0,100000.0
6195,SSC Napoli,22/23,True,30,22,17,70300000.0,70300000.0,0.0,9000000.0
105,SV Darmstadt 98,22/23,False,11,8,6,3200000.0,3200000.0,0.0,0.0
86,SV Werder Bremen,22/23,True,14,14,8,4000000.0,4000000.0,0.0,0.0
368,Sevilla FC,22/23,True,23,27,19,30400000.0,30400000.0,0.0,0.0
350,Sheffield United,22/23,False,12,8,6,4500000.0,4500000.0,0.0,0.0
398,Società Sportiva Lazio S.p.A.,22/23,True,35,21,14,56650000.0,41650000.0,15000000.0,0.0
180,Southampton FC,22/23,True,20,22,20,154210000.0,154210000.0,0.0,0.0
65,SpVgg Greuther Fürth,22/23,False,14,7,7,2430000.0,2130000.0,300000.0,150000.0
3522,Spezia Calcio,22/23,True,30,21,16,16890000.0,13330000.0,3560000.0,1430000.0
3911,Stade Brestois 29,22/23,True,18,18,14,5350000.0,5350000.0,0.0,0.0
1421,Stade Reims,22/23,True,23,27,17,19900000.0,19900000.0,0.0,500000.0
273,Stade Rennais FC,22/23,True,22,21,15,82500000.0,82500000.0,0.0,1500000.0
512,Stoke City,22/23,False,20,12,10,0.0,0.0,0.0,0.0
2288,Swansea City,22/23,False,15,7,7,2765000.0,465000.0,2300000.0,0.0
533,TSG 1899 Hoffenheim,22/23,True,18,18,13,19800000.0,19800000.0,0.0,0.0
416,Torino FC,22/23,True,32,22,18,31300000.0,31300000.0,0.0,1380000.0
148,Tottenham Hotspur,22/23,True,15,19,14,173700000.0,173700000.0,0.0,8000000.0
1038,UC Sampdoria,22/23,True,52,26,18,6500000.0,5000000.0,1500000.0,270000.0
3302,UD Almería,22/23,True,23,21,17,37080000.0,37080000.0,0.0,0.0
472,UD Las Palmas,22/23,False,14,8,7,400000.0,250000.0,150000.0,500000.0
2239,US Cremonese,22/23,True,41,15,15,35550000.0,19900000.0,15650000.0,1100000.0
1005,US Lecce,22/23,True,33,30,27,5330000.0,5330000.0,0.0,1300000.0
380,US Salernitana 1919,22/23,True,45,31,28,43240000.0,41790000.0,1450000.0,5130000.0
6574,US Sassuolo,22/23,True,44,26,16,50780000.0,48780000.0,2000000.0,500000.0
410,Udinese Calcio,22/23,True,29,22,18,71460000.0,71460000.0,0.0,0.0
1049,Valencia CF,22/23,True,14,13,11,12000000.0,12000000.0,0.0,500000.0
607,Venezia FC,22/23,False,44,15,10,8770000.0,4070000.0,4700000.0,0.0
79,VfB Stuttgart,22/23,True,20,17,14,15350000.0,15350000.0,0.0,0.0
80,VfL Bochum,22/23,True,18,18,14,885000.0,635000.0,250000.0,900000.0
82,VfL Wolfsburg,22/23,True,15,15,8,38750000.0,36250000.0,2500000.0,0.0
1050,Villarreal CF,22/23,True,15,14,10,6480000.0,6480000.0,0.0,0.0
1010,Watford FC,22/23,False,26,21,17,18810000.0,18810000.0,0.0,0.0
984,West Bromwich Albion,22/23,False,15,4,3,1345000.0,1000000.0,345000.0,0.0
379,West Ham United,22/23,True,12,14,12,196600000.0,196600000.0,0.0,0.0
543,Wolverhampton Wanderers,22/23,True,29,30,22,177505000.0,177507000.0,-2000.0,2000000.0
2036,1. Fußballclub Heidenheim 1846,23/24,True,9,9,9,2300000.0,2300000.0,0.0,0.0
3,1.FC Köln,23/24,True,17,16,14,2500000.0,2500000.0,0.0,0.0
4,1.FC Nuremberg,23/24,False,19,10,9,1930000.0,1200000.0,730000.0,0.0
89,1.FC Union Berlin,23/24,True,25,26,20,38250000.0,38250000.0,0.0,0.0
39,1.FSV Mainz 05,23/24,True,16,12,10,10000000.0,10000000.0,0.0,0.0
1147,AC Ajaccio,23/24,False,18,5,5,100000.0,100000.0,0.0,0.0
5,AC Milan,23/24,True,26,29,19,131180000.0,131180000.0,0.0,0.0
2919,AC Monza,23/24,True,32,27,20,44800000.0,44800000.0,0.0,500000.0
430,ACF Fiorentina,23/24,True,39,24,18,49100000.0,49100000.0,0.0,3750000.0
989,AFC Bournemouth,23/24,True,19,22,18,129890000.0,129890000.0,0.0,0.0
290,AJ Auxerre,23/24,False,18,7,7,3150000.0,2700000.0,450000.0,0.0
162,AS Monaco,23/24,True,16,14,11,85700000.0,84100000.0,1600000.0,500000.0
618,AS Saint-Étienne,23/24,False,14,10,9,3100000.0,3100000.0,0.0,0.0
1416,Amiens SC,23/24,False,27,7,7,1700000.0,400000.0,1300000.0,0.0
1420,Angers SCO,23/24,False,14,8,7,650000.0,150000.0,500000.0,0.0
10,Arminia Bielefeld,23/24,False,26,1,1,50000.0,0.0,50000.0,100000.0
11,Arsenal FC,23/24,True,13,10,9,231600000.0,231600000.0,0.0,3500000.0
12,Associazione Sportiva Roma,23/24,True,20,16,13,17150000.0,17150000.0,0.0,7450000.0
405,Aston Villa,23/24,True,13,18,12,130100000.0,106500000.0,23600000.0,5000000.0
800,Atalanta BC,23/24,True,45,20,14,75860000.0,75860000.0,0.0,5500000.0
621,Athletic Bilbao,23/24,True,11,9,5,0.0,0.0,0.0,0.0
13,Atlético de Madrid,23/24,True,25,22,16,56500000.0,56500000.0,0.0,0.0
15,Bayer 04 Leverkusen,23/24,True,14,13,11,82900000.0,82900000.0,0.0,1000000.0
27,Bayern Munich,23/24,True,16,17,13,180000000.0,180000000.0,0.0,7500000.0
4171,Benevento Calcio,23/24,False,38,2,1,2620000.0,0.0,2620000.0,0.0
1025,Bologna Football Club 1909,23/24,True,30,24,19,95490000.0,95490000.0,0.0,1725000.0
16,Borussia Dortmund,23/24,True,9,10,7,66250000.0,66250000.0,0.0,2300000.0
18,Borussia Mönchengladbach,23/24,True,14,11,10,28780000.0,28780000.0,0.0,700000.0
1148,Brentford FC,23/24,True,18,16,14,72350000.0,72350000.0,0.0,0.0
19,Brescia Calcio,23/24,False,17,2,2,1000000.0,0.0,1000000.0,200000.0
1237,Brighton & Hove Albion,23/24,True,21,26,17,106850000.0,106850000.0,0.0,0.0
1132,Burnley FC,23/24,True,26,31,25,111050000.0,111050000.0,0.0,0.0
331,CA Osasuna,23/24,True,9,10,8,7000000.0,7000000.0,0.0,0.0
1244,CD Leganés,23/24,False,26,12,12,600000.0,200000.0,400000.0,0.0
1390,Cagliari Calcio,23/24,True,25,22,17,25440000.0,25340000.0,100000.0,1000000.0
603,Cardiff City,23/24,False,22,18,13,2330000.0,2330000.0,0.0,0.0
940,Celta de Vigo,23/24,True,22,16,15,31200000.0,31200000.0,0.0,0.0
631,Chelsea FC,23/24,True,25,32,20,448100000.0,464100000.0,-16000000.0,0.0
3524,Clermont Foot 63,23/24,True,17,12,10,6600000.0,6600000.0,0.0,500000.0
873,Crystal Palace,23/24,True,9,9,8,67800000.0,67800000.0,0.0,0.0
2687,Cádiz CF,23/24,True,22,15,14,6000000.0,6000000.0,0.0,0.0
1108,Deportivo Alavés,23/24,True,18,17,14,10400000.0,10400000.0,0.0,0.0
897,Deportivo de La Coruña,23/24,False,22,3,2,430000.0,200000.0,230000.0,0.0
2969,Dijon FCO,23/24,False,19,3,3,0.0,0.0,0.0,0.0
855,EA Guingamp,23/24,False,18,3,3,700000.0,0.0,700000.0,0.0
1095,ESTAC Troyes,23/24,False,31,17,12,5400000.0,4300000.0,1100000.0,0.0
24,Eintracht Frankfurt,23/24,True,29,35,26,89550000.0,83300000.0,6250000.0,7000000.0
1531,Elche CF,23/24,False,20,10,10,650000.0,0.0,650000.0,0.0
29,Everton FC,23/24,True,15,9,7,37500000.0,37500000.0,0.0,3000000.0
167,FC Augsburg,23/24,True,22,20,15,9650000.0,9650000.0,0.0,0.0
131,FC Barcelona,23/24,True,22,21,15,33400000.0,33400000.0,0.0,0.0
4083,FC Crotone,23/24,False,36,0,0,50000.0,0.0,50000.0,0.0
749,FC Empoli,23/24,True,41,30,22,11400000.0,11400000.0,0.0,2000000.0
40,FC Girondins Bordeaux,23/24,False,18,12,10,11400000.0,10400000.0,1000000.0,0.0
1158,FC Lorient,23/24,True,24,25,19,27900000.0,27900000.0,0.0,1000000.0
347,FC Metz,23/24,True,27,22,19,6330000.0,6300000.0,30000.0,0.0
995,FC Nantes,23/24,True,21,23,19,27550000.0,27550000.0,0.0,300000.0
33,FC Schalke 04,23/24,False,22,11,8,4600000.0,1150000.0,3450000.0,0.0
415,FC Toulouse,23/24,True,22,22,18,18250000.0,18250000.0,0.0,0.0
38,Fortuna Düsseldorf,23/24,False,14,6,5,3800000.0,3800000.0,0.0,0.0
8970,Frosinone Calcio,23/24,True,44,35,31,12060000.0,11760000.0,300000.0,600000.0
931,Fulham FC,23/24,True,14,13,10,68470000.0,68470000.0,0.0,4700000.0
252,Genoa CFC,23/24,True,45,38,25,44000000.0,45500000.0,-1500000.0,5100000.0
3709,Getafe CF,23/24,True,18,18,14,11000000.0,11000000.0,0.0,0.0
12321,Girona FC,23/24,True,18,18,16,22250000.0,22250000.0,0.0,0.0
16795,Granada CF,23/24,True,24,26,19,19190000.0,19190000.0,0.0,0.0
41,Hamburger SV,23/24,False,15,6,5,750000.0,0.0,750000.0,300000.0
42,Hannover 96,23/24,False,13,4,3,2120000.0,620000.0,1500000.0,0.0
276,Hellas Verona,23/24,True,42,33,26,13900000.0,13700000.0,200000.0,200000.0
44,Hertha BSC,23/24,False,30,12,9,3150000.0,1250000.0,1900000.0,0.0
1110,Huddersfield Town,23/24,False,19,9,5,6100000.0,1400000.0,4700000.0,0.0
46,Inter Milan,23/24,True,46,32,25,73500000.0,73500000.0,0.0,5000000.0
506,Juventus FC,23/24,True,24,19,14,93050000.0,91300000.0,1750000.0,3900000.0
1082,LOSC Lille,23/24,True,14,16,13,39450000.0,39450000.0,0.0,0.0
738,Le Havre AC,23/24,True,14,16,12,2900000.0,2900000.0,0.0,0.0
399,Leeds United,23/24,False,18,21,14,34800000.0,34800000.0,0.0,1100000.0
1003,Leicester City,23/24,False,16,15,12,45640000.0,45640000.0,0.0,1250000.0
3368,Levante UD,23/24,False,20,12,11,3200000.0,1100000.0,2100000.0,0.0
31,Liverpool FC,23/24,True,11,16,11,172000000.0,172000000.0,0.0,0.0
1031,Luton Town,23/24,True,25,28,24,25900000.0,25900000.0,0.0,0.0
281,Manchester City,23/24,True,16,20,14,259600000.0,259600000.0,0.0,0.0
985,Manchester United,23/24,True,15,19,11,202700000.0,202700000.0,0.0,10000000.0
969,Montpellier HSC,23/24,True,13,12,11,9150000.0,9150000.0,0.0,430000.0
1084,Málaga CF,23/24,False,25,0,0,0.0,0.0,0.0,0.0
762,Newcastle United,23/24,True,13,15,12,156300000.0,150000000.0,6300000.0,0.0
1123,Norwich City,23/24,False,15,13,7,3120000.0,3000000.0,120000.0,0.0
703,Nottingham Forest,23/24,True,29,37,27,129480000.0,129480000.0,0.0,2150000.0
1160,Nîmes Olympique,23/24,False,20,1,1,0.0,0.0,0.0,0.0
417,OGC Nice,23/24,True,21,19,14,52500000.0,52500000.0,0.0,0.0
1041,Olympique Lyon,23/24,True,34,27,23,59180000.0,59180000.0,0.0,24040000.0
244,Olympique Marseille,23/24,True,29,26,22,99600000.0,99600000.0,0.0,3000000.0
583,Paris Saint-Germain,23/24,True,32,30,19,454500000.0,454500000.0,0.0,0.0
130,Parma Calcio 1913,23/24,False,24,8,4,5820000.0,2270000.0,3550000.0,0.0
23826,RB Leipzig,23/24,True,22,18,15,187150000.0,187150000.0,0.0,0.0
826,RC Lens,23/24,True,14,16,12,64250000.0,64250000.0,0.0,0.0
667,RC Strasbourg Alsace,23/24,True,19,15,11,60700000.0,60700000.0,0.0,0.0
714,RCD Espanyol Barcelona,23/24,False,16,7,6,3700000.0,3700000.0,0.0,0.0
237,RCD Mallorca,23/24,True,15,16,12,28700000.0,24300000.0,4400000.0,0.0
367,Rayo Vallecano,23/24,True,15,12,10,22300000.0,22300000.0,0.0,0.0
150,Real Betis Balompié,23/24,True,21,21,18,33700000.0,33200000.0,500000.0,0.0
418,Real Madrid,23/24,True,9,10,6,160000000.0,160000000.0,0.0,1500000.0
681,Real Sociedad,23/24,True,14,16,12,19000000.0,19000000.0,0.0,1400000.0
366,Real Valladolid CF,23/24,False,28,22,18,5900000.0,5900000.0,0.0,0.0
60,SC Freiburg,23/24,True,11,9,8,8500000.0,8500000.0,0.0,0.0
127,SC Paderborn 07,23/24,False,23,5,4,1930000.0,850000.0,1080000.0,0.0
1533,SD Eibar,23/24,False,12,3,3,550000.0,0.0,550000.0,0.0
5358,SD Huesca,23/24,False,21,9,9,500000.0,0.0,500000.0,100000.0
1162,SM Caen,23/24,False,19,9,6,0.0,0.0,0.0,0.0
2722,SPAL,23/24,False,38,3,1,1000000.0,0.0,1000000.0,0.0
6195,SSC Napoli,23/24,True,28,20,15,119200000.0,119200000.0,0.0,608000.0
105,SV Darmstadt 98,23/24,True,17,12,11,4100000.0,3800000.0,300000.0,0.0
86,SV Werder Bremen,23/24,True,17,15,11,8750000.0,8750000.0,0.0,250000.0
368,Sevilla FC,23/24,True,25,18,17,32000000.0,32000000.0,0.0,0.0
350,Sheffield United,23/24,True,16,19,16,66950000.0,66950000.0,0.0,0.0
398,Società Sportiva Lazio S.p.A.,23/24,True,27,20,15,44080000.0,44080000.0,0.0,1000000.0
180,Southampton FC,23/24,False,12,18,12,21550000.0,21550000.0,0.0,0.0
65,SpVgg Greuther Fürth,23/24,False,17,4,3,525000.0,150000.0,375000.0,0.0
3522,Spezia Calcio,23/24,False,40,14,8,13535000.0,3380000.0,10155000.0,0.0
3911,Stade Brestois 29,23/24,True,15,16,13,3500000.0,3500000.0,0.0,0.0
1421,Stade Reims,23/24,True,30,21,17,53850000.0,53850000.0,0.0,0.0
273,Stade Rennais FC,23/24,True,21,18,15,84400000.0,84400000.0,0.0,0.0
512,Stoke City,23/24,False,28,12,12,24785000.0,14300000.0,10485000.0,0.0
2288,Swansea City,23/24,False,21,12,10,8850000.0,3850000.0,5000000.0,0.0
533,TSG 1899 Hoffenheim,23/24,True,18,17,12,43300000.0,43300000.0,0.0,2000000.0
416,Torino FC,23/24,True,29,25,19,45050000.0,44750000.0,300000.0,350000.0
148,Tottenham Hotspur,23/24,True,21,25,17,275100000.0,275100000.0,0.0,0.0
1038,UC Sampdoria,23/24,False,48,10,9,1250000.0,0.0,1250000.0,0.0
3302,UD Almería,23/24,True,22,23,19,54250000.0,54250000.0,0.0,500000.0
472,UD Las Palmas,23/24,True,17,12,12,4800000.0,4800000.0,0.0,0.0
2239,US Cremonese,23/24,False,38,11,7,5400000.0,2150000.0,3250000.0,350000.0
1005,US Lecce,23/24,True,29,27,21,27720000.0,27270000.0,450000.0,0.0
380,US Salernitana 1919,23/24,True,33,34,24,28050000.0,28050000.0,0.0,500000.0
6574,US Sassuolo,23/24,True,45,34,27,61600000.0,62300000.0,-700000.0,1510000.0
410,Udinese Calcio,23/24,True,27,29,21,35450000.0,35450000.0,0.0,800000.0
1049,Valencia CF,23/24,True,15,16,13,10250000.0,10250000.0,0.0,150000.0
607,Venezia FC,23/24,False,27,10,9,1050000.0,800000.0,250000.0,0.0
79,VfB Stuttgart,23/24,True,19,21,15,21650000.0,20450000.0,1200000.0,4000000.0
80,VfL Bochum,23/24,True,19,18,14,2450000.0,2450000.0,0.0,0.0
82,VfL Wolfsburg,23/24,True,21,20,14,74800000.0,74800000.0,0.0,1000000.0
1050,Villarreal CF,23/24,True,17,16,13,12500000.0,12500000.0,0.0,0.0
1010,Watford FC,23/24,False,15,10,6,4558000.0,4500000.0,58000.0,0.0
984,West Bromwich Albion,23/24,False,14,7,6,0.0,0.0,0.0,0.0
379,West Ham United,23/24,True,10,12,8,137550000.0,137550000.0,0.0,7000000.0
543,Wolverhampton Wanderers,23/24,True,23,29,20,94000000.0,94000000.0,0.0,0.0
